latitude,longitude,size,bedrooms,bathrooms,age,amenity_proximity,price,size_bedrooms,size_bathrooms,inverse_age,inverse_proximity
16.786902154501572,78.53323927190952,1743,3,3,31,7.789311047141774,10085722.684293836,5229,5229,0.03125,0.12675378040295307
17.53592859833289,79.17542170528104,662,4,2,6,3.978424931132876,5099533.808803762,2648,1324,0.14285714285714285,0.24519269494614115
17.25159212435483,79.77130250457753,2474,1,3,10,5.165520750369228,13699747.16368016,2474,7422,0.09090909090909091,0.18991473918887855
17.07825602945615,79.51800479553721,3791,5,4,27,8.588810533952897,21918259.78349986,18955,15164,0.03571428571428571,0.11509055193370167
16.50282423257517,79.65181006615062,769,5,1,22,7.549546081663598,4470344.461659971,3845,769,0.043478260869565216,0.130726711013227
16.502792876437063,79.3858100600793,1131,2,3,22,8.090145142898542,6440800.490519655,2262,3393,0.043478260869565216,0.12209795828430141
16.37550869581866,79.44609781613214,1405,2,3,27,1.5410826325462967,7563064.871307178,2810,4215,0.03571428571428571,0.6093538376238887
17.426028989507415,79.72855217281757,3971,5,4,25,0.883250373170549,22670763.36573155,19855,15884,0.038461538461538464,1.0170349559852603
17.081449515266172,78.64940241594654,3753,1,1,24,8.955366345062274,19921561.945122134,3753,3753,0.04,0.11043175525916539
17.22049435113486,79.08096493455766,2514,3,1,28,4.000775841796725,13468236.475772189,7542,2514,0.034482758620689655,0.24385629416941196
16.326759842584543,78.59817699527528,2141,3,4,18,3.0212208450828726,12619449.810526727,6423,8564,0.05263157894736842,0.32038745402312235
17.560882807810593,79.97780241439396,704,1,2,32,7.302023291765881,2854101.5246610856,704,1408,0.030303030303030304,0.13509819688252192
17.38217543304055,79.8993068114359,1081,3,3,35,8.396872846482594,5547082.610699214,3243,3243,0.027777777777777776,0.11769035715462833
16.57604084388176,78.27096826046332,1340,4,2,13,8.65239829460335,8343856.20906094,5360,2680,0.07142857142857142,0.11425439820495728
16.536372457369232,79.47003531052825,2219,5,3,13,3.2967719830272286,14347222.755069619,11095,6657,0.07142857142857142,0.29439715264867217
16.538425862809465,79.8654469713482,3143,5,3,34,8.551681433776405,17847345.534320455,15715,9429,0.02857142857142857,0.11558446848215795
16.6955149158474,78.52503562122921,2797,1,2,29,0.6011526548685848,14684364.731713198,2797,5594,0.03333333333333333,1.426222938836946
16.982183361121912,79.22230141499473,1374,3,4,27,0.6866826163052451,7796650.860122497,4122,5496,0.03571428571428571,1.271160667940811
16.86152852423475,79.84787893565847,1189,2,4,16,6.3104881127067145,6921517.321781734,2378,4756,0.058823529411764705,0.15599436149297652
16.678597882257456,78.26110276145444,4500,2,3,2,0.8184424173323532,25452700.151183557,9000,13500,0.3333333333333333,1.0887998867741033
17.095408763139094,79.45535648104432,3641,3,4,15,3.3811698513995836,21090333.816480976,10923,14564,0.0625,0.28725975539457116
16.481342018847656,78.73522821327059,1922,2,3,29,6.793008665219856,9846697.975872,3844,5766,0.03333333333333333,0.14507453110362578
16.679788043095783,79.86391315167775,1171,1,4,28,3.5052155813314183,5941133.316851936,1171,4684,0.034482758620689655,0.2773759231426312
16.7762703962818,79.94790484129766,1671,1,3,14,1.96007785811294,9542602.664417775,1671,5013,0.06666666666666667,0.4854185467126053
16.892890979482146,79.89967968040418,4226,3,4,24,2.9572360941676483,23597871.50650685,12678,16904,0.04,0.32709282803108347
17.320728749810918,79.05358558998344,1443,2,1,37,4.684238256054232,6621707.646439869,2886,1443,0.02631578947368421,0.2090196905922372
16.55957591680587,79.75167677178077,1949,1,2,37,4.858781382483728,9088786.259606214,1949,3898,0.02631578947368421,0.20166244947445644
16.968504769937695,79.72018891736313,4237,1,1,22,7.8734022672025805,22868262.96301138,4237,4237,0.043478260869565216,0.1254169759016616
17.070138939520657,78.77438085183786,3039,4,2,24,7.5515016484288235,16675745.899153413,12156,6078,0.04,0.13069329994921222
16.360385536535997,79.69204785347122,4459,4,2,6,4.676814484650126,25531816.88979936,17836,8918,0.14285714285714285,0.2093445335198619
17.08980830747187,78.26661374248789,4760,1,3,21,8.487540021167959,25280292.673520643,4760,14280,0.045454545454545456,0.11644778336229446
16.52168136079348,79.2732857812677,2861,3,2,16,1.3195239581956792,16196553.586702738,8583,5722,0.058823529411764705,0.7044615162896402
16.384567070880863,78.61401590711787,4152,5,1,17,2.702462832243235,23518449.96328545,20760,4152,0.05555555555555555,0.35682899644365623
17.533551198429336,78.4170203943991,4170,5,1,9,8.314169342322066,24031703.141532473,20850,4170,0.1,0.1188471445386942
17.55532164299693,78.33851576293257,2253,1,4,9,3.9043415785363007,12591501.957449319,2253,9012,0.1,0.24972894554253489
17.3509165525514,79.45331979658066,2852,1,1,6,9.815579276179653,15860864.75615605,2852,2852,0.14285714285714285,0.10085139477451562
16.695997899925384,78.81177493478252,2438,1,4,37,4.769282158972787,11988004.780171845,2438,9752,0.02631578947368421,0.2053690805650412
16.4269737482083,79.50458018875177,870,3,2,26,7.960969105044889,4558322.522379155,2610,1740,0.037037037037037035,0.12405456303934456
17.189502934465803,78.3176414134381,4979,4,1,32,4.1426090055472455,27115581.25980319,19916,4979,0.030303030303030304,0.23570402049599481
16.872198241861483,78.7675226080951,2431,1,2,0,4.364544486811818,13978718.58984153,2431,4862,1.0,0.22398701658231465
16.458649705298214,79.1710843262756,924,1,1,33,3.9522548433849987,3880520.090263455,924,924,0.029411764705882353,0.24677618724607728
16.943729983144653,79.62330169671013,1394,2,1,3,7.246941081005956,8372427.978253111,2788,1394,0.25,0.13611106839896941
16.344705077449785,78.77375450527772,1097,3,4,16,5.565675263787947,7191767.729897216,3291,4388,0.058823529411764705,0.1765014677758679
17.48211652270242,79.32660447758661,3562,1,2,3,9.449025491410017,19858091.984220866,3562,7124,0.25,0.104722728083569
16.63641397608002,79.79475994682514,2836,2,1,25,2.658725102034227,14791179.081907261,5672,2836,0.038461538461538464,0.3624862800801068
17.161278969660177,79.30855373872815,2187,5,3,3,1.1855147744177548,14117077.315327384,10935,6561,0.25,0.7778984885280121
16.705224398916236,78.61932705455655,1072,1,2,0,4.053962553972309,6410579.120727435,1072,2144,1.0,0.24073399483192987
16.976088427531156,78.24392140680177,2590,1,2,6,6.243784534938405,14868291.300113194,2590,5180,0.14285714285714285,0.15763460982832853
17.010723363146266,79.76617797302167,4169,2,2,29,8.635829581771851,22083014.27614407,8338,8338,0.03333333333333333,0.11447109752307855
16.540310792183185,78.2382849395307,4772,3,4,8,3.5927294894672115,27198778.496173486,14316,19088,0.1111111111111111,0.2708023977527475
17.560460016093927,79.77446301083155,2133,1,3,34,6.607110161019724,10809460.37126031,2133,6399,0.02857142857142857,0.1490955084966077
17.30767267036945,79.15208684124899,2017,5,2,7,3.631947074027547,12030575.985778213,10085,4034,0.125,0.26795664037132016
17.521348624033447,79.89032185732322,4793,1,1,23,6.24875191334569,25415052.588038873,4793,4793,0.041666666666666664,0.1575112736564652
17.463275555555946,79.6378098243926,3157,5,1,18,8.871117880900378,17842769.87999499,15785,3157,0.05263157894736842,0.11146882844210669
17.077269972454413,79.99628139896001,4148,4,4,35,2.4673048941422087,23068459.07387825,16592,16592,0.027777777777777776,0.3895135331536542
17.49843650553005,78.83128126781308,4088,4,1,26,4.161568092648984,22181079.168802716,16352,4088,0.037037037037037035,0.23465540811725047
16.415040252667495,79.58093892007602,2037,5,2,31,9.933998925011515,11041299.885194326,10185,4074,0.03125,0.09966116276007599
16.55477772114489,78.92347564449663,3637,3,1,13,8.711858876844715,20582777.635287803,10911,3637,0.07142857142857142,0.11348343340220089
16.3587954755837,79.06377611654703,597,1,2,17,5.73347060738278,2986124.7984397346,597,1194,0.05555555555555555,0.17142453734735724
16.722929429992245,79.32950983379307,3715,1,1,27,5.262950400171898,19710317.39516659,3715,3715,0.03571428571428571,0.18646452519269005
16.805280476596327,79.77261880553542,4250,4,3,28,2.989083746585874,23537736.685920317,17000,12750,0.034482758620689655,0.3237205857902761
16.652753741306064,79.97135024455874,3657,5,4,15,5.268652391396588,21515448.401488822,18285,14628,0.0625,0.1862664831126946
17.377358761897508,79.58289214495613,843,1,4,34,8.512178683143482,3888055.861030177,843,3372,0.02857142857142857,0.11611463681742792
16.763779324701666,78.9519802079012,1110,1,3,30,6.9147102301222505,5856398.716533923,1110,3330,0.03225806451612903,0.14255756363332664
16.665214862593597,78.95844260409872,2227,3,3,3,3.042431476144269,13457153.759044949,6681,6681,0.25,0.3182249183765781
17.005504908105724,79.52764814286,2790,2,4,36,2.174346426324623,14840760.671225771,5580,11160,0.02702702702702703,0.43968675502791127
16.48320149246719,78.62979886238294,2354,4,3,16,2.7990436625689257,14206469.816756798,9416,7062,0.058823529411764705,0.34494133803899707
17.342856074980254,78.39885340363651,3108,4,2,38,1.8636401736497,16633465.564113231,12432,6216,0.02564102564102564,0.5092582711532939
16.396915836783702,78.8383198837534,2579,2,1,25,1.1372788210324163,13791456.786976015,5158,2579,0.038461538461538464,0.8082252625690101
17.582953017580675,78.71703018497735,2824,1,4,38,4.30753450953214,14927599.399187407,2824,11296,0.02564102564102564,0.22688421334814465
17.303918200085654,78.73335461682079,1677,3,3,3,1.3103361231030235,10367989.035412742,5031,5031,0.25,0.7090508309464545
16.558330385994424,78.62049395188984,1591,3,2,29,1.8847430657256226,8655520.157301957,4773,3182,0.03333333333333333,0.503843553993927
16.307178752260683,78.27576774134545,3291,4,4,29,5.563781906526964,19035070.66538033,13164,13164,0.03333333333333333,0.17656047081325574
17.360099856991287,78.23217308252015,2249,3,3,21,1.8130728822558324,13050568.59259505,6747,6747,0.045454545454545456,0.5227192383913952
17.218914547001905,79.97790030152485,3175,2,4,10,0.826021720822848,18427329.377884872,6350,12700,0.09090909090909091,1.0798882763909858
17.247709318453285,78.96999164072456,1281,1,3,1,3.3104107302732753,7745443.338193378,1281,3843,0.5,0.2932198140016614
17.30265145069173,78.89178796488743,3548,2,4,11,2.359127166495282,20123726.336455166,7096,14192,0.08333333333333333,0.4066483480905901
16.396258047254317,79.42336510884752,2605,5,2,29,5.249990842344893,14349794.451970635,13025,5210,0.03333333333333333,0.18691620779704018
16.766005447107556,78.59285699815712,4367,4,2,35,1.2031974289154512,24291307.252266817,17468,8734,0.027777777777777776,0.7673434414555447
16.45062977738267,79.9099301311104,2613,3,1,17,7.567353719293187,14826957.470628671,7839,2613,0.05555555555555555,0.13042309467003238
17.422034453638272,79.615421025948,4470,5,4,25,9.081088490464358,25210838.444476217,22350,17880,0.038461538461538464,0.10891954707098378
17.110287564875826,78.36093980416207,2491,3,1,6,7.485664704770706,14414664.481804175,7473,2491,0.14285714285714285,0.13182760363387658
16.730167432308445,78.95164539641287,1567,1,4,0,5.421704966533664,9616355.325388553,1567,6268,1.0,0.18110348272152715
16.38262585537183,79.7824129536119,2077,1,3,25,8.634544653531075,11212961.022058945,2077,6231,0.038461538461538464,0.11448793722701213
16.70427701823036,79.90051764012453,1511,1,3,22,7.010200121858774,8050085.356443935,1511,4533,0.043478260869565216,0.14064301747650057
16.72273831863477,79.04132272024977,2774,3,1,25,0.3034010000118606,15092569.346780598,8322,2774,0.038461538461538464,2.478922957480518
17.248488031839486,79.30414050057928,2314,5,4,5,4.06208349719013,14512942.231881544,11570,9256,0.16666666666666666,0.24026428126084243
17.128824712761777,78.50066110296574,2926,1,1,5,8.53932861418664,16231777.138183082,2926,2926,0.16666666666666666,0.11574973526969447
17.453376565349227,79.98410352704656,4902,5,2,7,3.5894168081576394,28316809.80850727,24510,9804,0.125,0.2710455478461821
16.913879402710535,78.6170090624902,3051,3,1,23,0.5451087005501303,16783077.7660252,9153,3051,0.041666666666666664,1.5501263572282138
16.455472519719795,79.89691719344323,4157,5,1,21,7.5125604578122696,23302894.6647172,20785,4157,0.045454545454545456,0.13136184671922913
17.227218223389894,79.36936396818626,507,3,3,18,8.059975048772111,3075253.059819653,1521,1521,0.05263157894736842,0.12254939433307177
17.28902056320197,79.29392623078195,3055,3,1,36,1.7738182114244239,15766332.312624844,9165,3055,0.02702702702702703,0.5336696985348585
17.029660356840346,79.12283931982972,975,4,4,17,5.465936869063176,6530110.15409761,3900,3900,0.05555555555555555,0.17966427279444042
17.30225733394093,78.61520566109196,2711,3,3,30,2.081163302158113,14871242.019859757,8133,8133,0.03225806451612903,0.45847094484423423
16.94193427527371,78.51775045760992,984,3,1,36,7.248497306632639,5067013.823974113,2952,984,0.02702702702702703,0.13608224352173548
16.979552678196594,78.59687517632632,2785,2,2,29,2.86119446073936,14486266.686968233,5570,5570,0.03333333333333333,0.3377015637636702
16.855803323866116,78.53558887185966,4025,1,1,32,3.298908201120635,21142616.752641883,4025,4025,0.030303030303030304,0.29421212366673966
16.333044864767324,79.60325205242016,3839,4,1,9,8.480714365672993,21827688.200450182,15356,3839,0.1,0.11654041346493056
16.440258855091297,78.83022546650011,3322,4,1,36,4.867959051627663,18379228.543207277,13288,3322,0.02702702702702703,0.2012899038836417
16.340857941392755,78.30411681781412,3424,4,3,11,6.7635936219388295,20077601.73456997,13696,10272,0.08333333333333333,0.14569627152802206
17.127333534642915,79.94438473425346,758,2,4,29,4.143255897080183,4112825.1770635205,1516,3032,0.03333333333333333,0.2356680870197123
16.708662775399226,79.79081459293417,782,3,2,26,3.1204672004988034,4198957.589495384,2346,1564,0.037037037037037035,0.3105139527100647
16.961141898514114,79.86995410975139,2398,1,1,38,6.329684992161682,11419821.558796272,2398,2398,0.02564102564102564,0.15552861473292748
17.47983641610392,79.99083408076358,4635,5,4,8,1.7176042259724487,27442977.732142966,23175,18540,0.1111111111111111,0.5501747771657954
16.624079897893537,78.51301144859508,3476,3,4,20,3.855398388555258,19306924.25754509,10428,13904,0.047619047619047616,0.2528190340809787
16.83349779994632,78.91323563402479,2767,2,3,11,2.2485629663820386,15411400.699264957,5534,8301,0.08333333333333333,0.42579228843947076
17.282216480105966,79.56482925626736,3700,3,2,28,7.018790676019306,20378261.764148366,11100,7400,0.034482758620689655,0.14047329743360024
16.59743761513911,79.45283711249682,1112,3,3,32,9.453246615791855,5251031.592891985,3336,3336,0.030303030303030304,0.10467645610100389
16.40007388277743,78.47701263141174,1187,2,4,14,9.95600748655549,6883727.745348861,2374,4748,0.06666666666666667,0.0994430445022006
16.6766768887879,79.66849962498311,4190,4,4,1,4.61271274232759,24564944.23406412,16760,16760,0.5,0.21219201226045958
16.509587673430207,78.603993029306,1112,4,4,38,2.674797818437156,6028388.846822172,4448,4448,0.02564102564102564,0.3603866174881267
17.508606948045347,78.60287170668073,2807,1,3,17,4.539727829766377,15430370.394957645,2807,8421,0.05555555555555555,0.21552988379716076
17.350556493433743,79.16655396120815,3513,1,2,2,8.503240217634694,20004285.581848383,3513,7026,0.3333333333333333,0.1162352758615558
17.123424883463553,79.26729188271507,2281,4,1,6,2.218855649809991,13955318.685674567,9124,2281,0.14285714285714285,0.43124719733284855
17.432898767244033,79.24415517410806,3091,5,3,17,9.530537386198652,17736550.599597387,15455,9273,0.05555555555555555,0.1038363655005464
17.34477369996885,78.36467630731596,3196,3,4,37,3.55028453422188,17199454.305656422,9588,12784,0.02631578947368421,0.27395124698496054
16.542541076551846,79.77942955273468,4458,5,3,36,9.860875862612987,25788243.140098263,22290,13374,0.02702702702702703,0.10039277808424318
17.460326698036972,78.67808007665967,1074,3,4,32,8.41836709783283,5721536.416773571,3222,4296,0.030303030303030304,0.11739339107073837
17.001144914490347,78.43312685830905,2410,4,1,30,8.123991234644425,12687236.980335118,9640,2410,0.03225806451612903,0.12159546033894045
17.349672201713283,79.79974654376416,4104,1,1,10,3.3154658029781796,22274373.126103114,4104,4104,0.09090909090909091,0.2927858329391063
17.464918689900543,79.92017269681355,1169,1,2,3,0.2860166770897088,6899107.608179959,1169,2338,0.25,2.590561650183844
16.713404517463424,79.75182971107782,4864,5,4,17,3.944902506494681,27985556.228501096,24320,19456,0.05555555555555555,0.24722474729473803
16.44306750188598,79.65712893450478,1783,1,2,3,3.1577318226943984,10207245.667474179,1783,3566,0.25,0.3069620381376027
16.596315711304523,79.37943556515025,1423,4,2,33,0.5664905060062135,7755909.771231876,5692,2846,0.029411764705882353,1.500396466248654
16.855240125214134,79.19154326709645,1625,5,1,28,5.152579513758111,9100163.153468098,8125,1625,0.034482758620689655,0.19038264863591203
17.363419195699244,78.35657616784054,2029,3,3,23,4.149706850570819,11119111.379554372,6087,6087,0.041666666666666664,0.23531034849278615
17.418949758233246,78.93521578352725,2094,1,3,21,6.4186533838669435,11317332.971750166,2094,6282,0.045454545454545456,0.15340591700655634
16.309037769690548,78.87083933062216,746,2,2,1,6.287625957502016,4932123.436026655,1492,1492,0.5,0.15655268587315124
16.963971493350837,78.66755681076859,4211,1,1,5,1.383317031787465,23524891.57537029,4211,4211,0.16666666666666666,0.6741647123103239
16.842634304093412,79.50215620463945,2060,3,4,24,9.774262352040902,11071307.225081429,6180,8240,0.04,0.10127338775775094
16.58874015361195,79.09257632314178,2900,5,3,20,2.03192800852618,17046255.07289429,14500,8700,0.047619047619047616,0.46905899073548385
16.455824977533787,78.34588318863376,2743,3,2,15,4.563685442694105,14926728.969162041,8229,5486,0.0625,0.2144226947309557
16.738899722824716,78.59632976350966,4364,2,3,30,4.983551925650603,23524739.93351576,8728,13092,0.03225806451612903,0.19671285247509657
17.525782615086275,79.42986577458727,2439,4,3,13,8.168015412698377,14557680.502508463,9756,7317,0.07142857142857142,0.1209480086919234
16.720163811626982,78.33703554708254,3569,1,4,38,1.1724500417275383,19113922.49443752,3569,14276,0.02564102564102564,0.7858854707115673
16.974427808266377,79.73217244528779,726,5,1,27,4.400713936243612,4333320.170823011,3630,726,0.03571428571428571,0.22218697170400936
17.213924646563733,79.09126374862515,4047,4,4,31,6.359321268314799,22752134.188880026,16188,16188,0.03125,0.1548150275332093
16.772718483093083,79.06505583918796,764,3,1,27,2.3085250919157447,3804585.3840773683,2292,764,0.03571428571428571,0.415191854698345
17.56331670753725,79.26633401238713,1895,5,3,8,6.349185407907514,11811020.033824824,9475,5685,0.1111111111111111,0.15505834252708472
17.551181483424745,79.68442573866527,4057,4,2,21,9.251915407986596,23440029.563557453,16228,8114,0.045454545454545456,0.10692996636239818
16.627316984572975,78.82605657422395,1145,5,4,31,9.975677685492215,7046256.151422258,5725,4580,0.03125,0.09924890724123518
16.946423057660102,79.42042907460632,3490,2,1,4,0.5180205525486221,19430154.330746666,6980,3490,0.2,1.618069165946267
16.691141802761802,79.21831753519243,2399,2,3,22,2.50876463679784,12711381.707620157,4798,7197,0.043478260869565216,0.38332319669414955
16.670292642690708,78.68065088630496,3004,1,1,4,3.2410097347586353,16601453.92191196,3004,3004,0.2,0.2993107112488683
16.347953031560895,79.78153397543929,3272,1,1,31,4.111435784360668,17200774.657283586,3272,3272,0.03125,0.2374487113666886
17.09243363417387,79.63536683889247,1654,2,1,9,2.574120144330721,9397268.742600363,3308,1654,0.1,0.37395477616069495
16.95348273019752,79.38521330238517,1087,5,3,38,2.194182346642063,5456439.494625563,5435,3261,0.02564102564102564,0.43588514289793695
16.366922376624988,79.73104711236964,2321,2,2,14,9.5546276556915,12773446.28165074,4642,4642,0.06666666666666667,0.10357727254354444
16.662240403507596,79.76112956172764,1485,1,2,6,9.201511707151075,8336741.742246658,1485,2970,0.14285714285714285,0.10750940615719401
17.48074565175665,79.47505335808707,4579,2,2,28,0.6605265098305513,24043286.623414595,9158,9158,0.034482758620689655,1.3148785572547688
16.611430457867066,79.70662399105461,3848,2,1,2,3.5203676117275124,21783240.655321866,7696,3848,0.3333333333333333,0.2762150442293994
16.488363333718592,79.45544863100471,4331,5,3,18,4.170455826048385,24612228.20207139,21655,12993,0.05263157894736842,0.2341670399446183
16.93628858836083,79.42425338916854,1741,4,1,9,2.5423424397262453,9911277.51577035,6964,1741,0.1,0.37845208288127974
17.581345590343783,79.31350048078733,689,1,2,27,6.362954390484121,3461778.414287518,689,1378,0.03571428571428571,0.154727998927607
16.61467185296495,79.55488995120375,1480,5,2,28,6.475731317113563,8160826.056836682,7400,2960,0.034482758620689655,0.1520743399897539
17.173776211627644,78.48548918952754,2198,2,3,14,8.534941437620251,12175441.04342261,4396,6594,0.06666666666666667,0.11580854453085848
17.290105499927336,79.78556736655807,2215,2,1,34,7.460518830175135,10891812.163425619,4430,2215,0.02857142857142857,0.13226605507665082
16.60892880719012,79.76931834994141,3093,4,4,5,5.517218604266366,18624241.160170633,12372,12372,0.16666666666666666,0.1780240489911652
17.24668125319542,78.25264510946221,4636,1,4,11,6.605150346435315,26412764.42345588,4636,18544,0.08333333333333333,0.1491390868709803
16.77811807253503,79.68647015101658,4933,1,2,37,2.885090059121578,25550516.68745118,4933,9866,0.02631578947368421,0.3349982681240344
17.121997579771655,78.4319657614522,1598,3,3,12,6.011950661680106,9446660.179123418,4794,4794,0.07692307692307693,0.16361388619670425
17.123588623989164,78.80321393766646,2826,1,1,28,4.9944270965492095,14554397.88629419,2826,2826,0.034482758620689655,0.19629292578892057
16.996507089297186,79.53831486132489,3747,4,1,18,1.50677577970043,20810193.081359636,14988,3747,0.05263157894736842,0.6223643725737773
16.417376701070733,78.48936781288695,1395,3,2,2,2.5769339105131137,8711210.73086359,4185,2790,0.3333333333333333,0.37356170657508697
17.38589324426601,79.67234064341432,2174,3,2,7,3.0585958170715437,13008885.046598079,6522,4348,0.125,0.3165963795035791
16.71701408446326,79.69784152032393,3409,2,1,7,9.258233757115068,18741332.66006018,6818,3409,0.125,0.10685777102326598
16.542474063519812,79.1134419207695,1430,2,1,19,2.457789065981717,7551962.520731403,2860,1430,0.05,0.3909626533711783
16.353007684021193,78.2114945690903,4884,1,2,3,3.034590247632748,27206729.065733396,4884,9768,0.25,0.3190209631881561
17.068160826144716,78.71666863971484,1223,3,1,20,3.8196704748764367,6699866.233787788,3669,1223,0.047619047619047616,0.25512348714250627
17.180833670394968,79.31046845307634,3440,2,4,2,6.704678838528793,20125328.543423753,6880,13760,0.3333333333333333,0.14695770714965958
16.321564177606213,79.96613512044937,1589,4,2,7,1.3587362462269772,10131499.82427639,6356,3178,0.125,0.6855248867548887
16.965720975789065,79.33726434863,1435,2,1,22,9.548663082439006,7935049.713527726,2870,1435,0.043478260869565216,0.1036413015415622
16.59444450775732,78.6676464459155,2795,2,2,15,8.682597956928692,14607892.12152052,5590,5590,0.0625,0.1138615253600546
17.138724627532287,79.3412102655793,655,3,3,12,5.856717515487713,4305864.660351175,1965,1965,0.07692307692307693,0.16787769394804414
16.52667635770649,79.17197368348855,1570,3,2,2,6.805571100764577,9255529.900808228,4710,3140,0.3333333333333333,0.14481061528557446
17.19821905953321,79.60372171127206,2458,5,2,8,0.36327261819331674,14894307.184349896,12290,4916,0.1111111111111111,2.158556238224973
16.8027559501907,78.39256514988853,3001,4,3,13,3.521658798414798,17831718.729247853,12004,9003,0.07142857142857142,0.2761165685839043
17.517748985357755,79.56985022450365,4719,3,4,12,7.997470260482132,27213901.00013066,14157,18876,0.07692307692307693,0.12349535939394225
16.47877722738979,79.174279841617,4330,1,1,6,0.9593331431653818,24364431.044466387,4330,4330,0.14285714285714285,0.9439901002359946
16.743386256365337,79.93338560694619,1354,4,3,14,2.966675575265058,8843420.8650735,5416,4062,0.06666666666666667,0.3260860092491421
16.447515577612766,78.81536989886963,1139,4,2,6,5.935908917676251,7363921.755571965,4556,2278,0.14285714285714285,0.1656751308939545
17.502101703762133,79.33871940764111,2738,3,1,37,2.71284767144963,14660737.890625909,8214,2738,0.02631578947368421,0.3555116084493262
17.440541159395277,79.87765058991803,2102,4,3,33,9.352984146616288,11956230.334716344,8408,6306,0.029411764705882353,0.10578670020915583
16.635324116029704,78.38451751038322,941,3,1,21,1.4843745818820457,5230030.7718154015,2823,941,0.045454545454545456,0.6311638746514859
17.157979259844435,79.88701127702561,1836,2,1,23,8.01446470749623,9900809.362782864,3672,1836,0.041666666666666664,0.1232367181381896
17.362388860261582,79.43819430014146,4200,5,3,36,5.177897180682801,23282923.6760379,21000,12600,0.02702702702702703,0.18946939771013693
17.021761055079303,78.3221067063893,1448,2,1,0,7.55324160303557,8998238.714589374,2896,1448,1.0,0.13066358699604644
16.98854575186281,78.74173442050427,3873,3,4,9,3.2450102174521853,22421875.773354627,11619,15492,0.1,0.29895274901781205
16.61440797817059,79.4747097595615,959,3,3,15,5.2419981026579805,5710593.902925595,2877,2877,0.0625,0.1871958733011225
16.42103359814767,78.32123108264379,892,2,4,7,8.596986427287128,5405077.910236337,1784,3568,0.125,0.11498235720622281
17.466380485339325,79.2479068283173,4438,1,2,24,4.775405371406424,23737526.155743547,4438,8876,0.04,0.20511114949843173
17.47054347431233,78.82258950251533,2287,1,1,11,3.7252546467206424,12460685.092130475,2287,2287,0.08333333333333333,0.26142050460805044
17.12303189445525,79.31764793198145,2757,1,2,24,5.454322785276814,14243386.131955292,2757,5514,0.04,0.18003995062202036
16.74073872836331,78.28233566086253,1638,3,2,16,7.230154979756396,9253213.587807393,4914,3276,0.058823529411764705,0.1364227636061841
16.75397244699646,79.76876625107428,4308,4,1,25,4.5469207858853276,23572362.187526636,17232,4308,0.038461538461538464,0.21519626567283542
17.243742382531313,79.95228014451932,2954,3,3,13,9.400994356394275,16538882.47719099,8862,8862,0.07142857142857142,0.10525214124845668
17.46624333793835,79.94398013951424,1966,4,1,35,3.090469075614952,10696503.6715757,7864,1966,0.027777777777777776,0.31343353478743663
17.453212351544654,79.54937329713727,4174,2,2,22,4.859543340457381,23099082.4974203,8348,8348,0.043478260869565216,0.20163146712370048
17.31383820961491,78.43415523223514,1877,5,2,5,7.617891061546127,12092482.526949039,9385,3754,0.16666666666666666,0.12956907424910838
17.134641140000575,79.56487375267224,3097,4,3,4,6.953386686858431,18434418.59564209,12388,9291,0.2,0.1417758651830556
16.409381954493565,78.24425644962585,641,1,1,24,8.663682313688131,2602193.1005402347,641,641,0.04,0.11410728552289995
16.510117328323,78.2398223927522,3159,3,2,17,9.968729970674866,17256329.744011324,9477,6318,0.05555555555555555,0.09931739185701631
17.468120445085205,78.78249839446917,1339,2,4,12,4.383211622191878,8179309.578017605,2678,5356,0.07692307692307693,0.2230543824989221
17.08835777755747,79.0795577427284,4118,1,2,13,1.289278621876456,22717657.54630878,4118,8236,0.07142857142857142,0.7197980190966522
16.31195616710162,79.58673335205403,4417,2,2,27,0.4980756319180862,24784232.328159753,8834,8834,0.03571428571428571,1.6720293331345129
16.431913005725843,79.42993167789172,1095,5,3,17,7.3233936801697626,7415545.866600479,5475,3285,0.05555555555555555,0.13470927760052887
17.162552299840474,79.00262487147815,2404,3,4,27,8.765333978825414,13447440.12850062,7212,9616,0.03571428571428571,0.11279890891741588
16.306580059000083,78.692527999307,780,3,2,26,2.3629833422553035,4218442.623145619,2340,1560,0.037037037037037035,0.4060116781319034
16.509050466842748,79.99482410028388,923,5,2,31,1.7527907644610785,5683072.19201164,4615,1846,0.03125,0.5397263518262787
17.013353926176563,78.96712634402475,4865,3,4,8,0.8096098969517718,27762538.15146205,14595,19460,0.1111111111111111,1.0993723829865285
17.1994637570005,79.01249664379341,4749,4,1,39,8.262488632828623,25704829.127783496,18996,4749,0.025,0.11958162742061017
17.147549637353382,78.494522878145,2250,2,1,31,3.251543010947327,11217568.374655128,4500,2250,0.03125,0.298370033364825
16.59155010229873,79.63065718774988,2467,1,2,19,4.13662954904581,13046627.104109436,2467,4934,0.05,0.23603668633837102
17.225832987751797,79.44862800640668,4588,5,2,27,5.126951877774201,25104372.35323431,22940,9176,0.03571428571428571,0.19131609078938588
16.60842381374584,78.59738530301978,4678,4,1,32,8.426641695253597,25502556.824533388,18712,4678,0.030303030303030304,0.1172794677835068
16.72301960760705,78.34828588210851,3446,1,3,3,6.578165571302553,19613524.568596393,3446,10338,0.25,0.14974172013602136
17.270438826653432,79.42489874373449,1949,1,4,33,6.227633372606551,9845364.25825503,1949,7796,0.029411764705882353,0.1580369691343335
17.14452276876138,79.37812018570604,2831,5,4,2,1.921586579567925,17443718.698218055,14155,11324,0.3333333333333333,0.49466098069058745
17.403990433642434,78.69186714859678,2720,4,3,25,5.229260938756332,15792885.144541113,10880,8160,0.038461538461538464,0.18764327952636636
17.154896759990446,79.91155441205073,4289,1,3,7,7.210733968350822,23919150.469510276,4289,12867,0.125,0.13678517154763642
17.038801184336116,78.47190420520562,3310,1,3,5,9.737956653698818,18381362.47130136,3310,9930,0.16666666666666666,0.10164712401167429
16.42177719817652,78.97820264187669,2031,4,3,15,2.173781830290852,12742735.343328137,8124,6093,0.0625,0.4397959323441706
16.778030543977266,79.89850865630167,3490,3,3,23,0.29352486005882117,19340543.002756014,10470,10470,0.041666666666666664,2.541135520257926
16.644763077986244,78.95550917046702,4993,1,3,38,0.9379540492650036,26779636.27020451,4993,14979,0.02564102564102564,0.9634337865998214
16.617186536392808,79.34934670579536,1643,2,4,29,3.883354158783397,8544118.976827243,3286,6572,0.03333333333333333,0.25104471260607714
17.56491372117818,78.91566991633303,1433,4,3,12,8.241337547910673,8768982.692240141,5732,4299,0.07692307692307693,0.11988484991240747
16.81102704206679,78.69358736422761,1960,1,1,4,0.2699924013288015,11223937.557581495,1960,1960,0.2,2.7027582091107027
17.45966052173025,79.97115976632769,3223,5,3,24,4.675959810281236,18492249.91986176,16115,9669,0.04,0.2093819964412796
17.120480213796444,78.93680121136708,3012,2,3,19,3.426460030345667,16803467.405695274,6024,9036,0.05,0.2835704903486398
17.333254694604143,79.80937856662244,785,1,4,17,0.7143207589773304,4387991.527218365,785,3140,0.05555555555555555,1.2280173248387478
16.953428221036752,78.61391829060396,764,2,4,17,4.61231560939165,4157353.26419533,1528,3056,0.05555555555555555,0.2122098948565752
17.049975050014268,78.58358846724515,2867,2,3,1,2.696537331899845,17290759.482011918,5734,8601,0.5,0.357585070863561
16.940273001964524,78.25604134919212,3947,3,4,9,3.648471376600664,22723939.70237276,11841,15788,0.1,0.2667754131036901
16.55381588413746,79.3730002856766,2262,2,2,11,7.115029986886072,12799827.98698755,4524,4524,0.08333333333333333,0.13859956255449868
17.239187749839957,78.86334741870277,3548,3,4,12,5.3111996423274785,20691807.256431513,10644,14192,0.07692307692307693,0.18480190458651746
16.665004071173115,79.75584484971135,2881,4,4,10,1.4215448041295706,17402588.841190178,11524,11524,0.09090909090909091,0.6572267850975768
16.33161075636089,79.0517778320448,2769,3,4,18,9.621862496151662,15576376.057514744,8307,11076,0.05263157894736842,0.10286094875296208
17.13911398467932,79.9427481702465,540,5,4,34,6.431925503955437,3757131.3509866456,2700,2160,0.02857142857142857,0.15309421385691638
16.530243883229165,78.53394592826562,567,1,1,38,7.70551057149281,1679965.9882201406,567,567,0.02564102564102564,0.12811461733870272
17.52259615965879,79.7635217023201,1487,4,1,25,0.976288870082034,8363724.873351517,5948,1487,0.038461538461538464,0.9291185924126304
17.540107150103363,79.59787433502514,4508,4,1,13,0.6611721187081852,25580146.138108063,18032,4508,0.07142857142857142,1.313763307170445
17.489323707286584,79.5876593203593,3698,5,3,23,0.3905908936071955,21783913.93093694,18490,11094,0.041666666666666664,2.038358259459818
16.781206310332077,79.7206098106104,3024,3,3,0,2.050181472179756,17861726.797419563,9072,9072,1.0,0.46507702393428474
16.320093601487528,79.5698431836974,1585,1,2,21,4.261202297641253,8385546.691069293,1585,3170,0.045454545454545456,0.22929456873414195
17.506814131364045,79.32719657893655,2979,3,1,22,9.371096107347663,15991633.749836255,8937,2979,0.043478260869565216,0.10558440001724842
16.85663939281251,78.4362407798283,2193,2,3,18,4.679184660804609,11663628.641577883,4386,6579,0.05263157894736842,0.20924071174760658
17.556651264756773,78.25854712308426,2815,3,4,17,3.0445000326507885,15667567.141724868,8445,11260,0.05555555555555555,0.3180155794614535
17.55270597021603,79.85752612606824,1278,4,4,11,5.706965484492701,8031934.950394669,5112,5112,0.08333333333333333,0.17220698188588604
17.40891229210757,79.30997056613732,2085,1,1,27,1.2969588657209346,10387543.078553287,2085,2085,0.03571428571428571,0.7158406911888029
16.682783559690463,79.63376712375712,1992,3,2,27,6.173157731848836,11403555.98151204,5976,3984,0.03571428571428571,0.15940935056088223
16.800627047182505,79.0667402327226,1160,1,2,32,5.770633152438933,5545250.701480853,1160,2320,0.030303030303030304,0.17033937805917132
17.406477672971917,78.41115474013232,1848,1,4,18,7.961531727375956,10401464.613073427,1848,7392,0.05263157894736842,0.1240459051477928
16.711998606703162,78.42533442596459,1799,2,2,27,9.869538593846837,9106637.983278722,3598,3598,0.03571428571428571,0.10030554479393824
16.52034057069192,79.43401751701215,4440,2,1,36,2.6585600228178836,23371934.15028539,8880,4440,0.02702702702702703,0.36250797217690944
17.023841641195855,78.97455061081904,2486,4,4,25,5.194633217876855,14984980.064976944,9944,9944,0.038461538461538464,0.18887049562254654
17.517001206409017,78.56094450806062,2544,5,3,34,9.106880981926235,13800002.673318574,12720,7632,0.02857142857142857,0.1086144158877552
17.204838735677466,79.08487018413459,4016,1,3,33,7.894860867343846,21277500.1175266,4016,12048,0.029411764705882353,0.12508035056427852
17.041079521116174,78.31557608673525,1558,5,2,34,4.976581770387915,9127974.185813382,7790,3116,0.02857142857142857,0.1969829395505999
16.426329441902,79.24754852344591,1476,4,4,39,9.464642166224822,8221166.871486051,5904,5904,0.025,0.10455174199106515
17.09950939470892,78.68418812798318,1227,1,4,15,0.760919596464732,7619938.894265952,1227,4908,0.0625,1.1615486557703947
17.587070005135544,79.63560638114694,3027,1,3,37,9.323786473183324,15529264.915128555,3027,9081,0.02631578947368421,0.10611445864628163
16.482109219807484,78.75865152606244,3636,5,4,12,0.6949724453515043,21861661.59642234,18180,14544,0.07692307692307693,1.2579052341340473
16.97382854807286,79.01939626834725,842,3,4,22,5.563586492323907,5124842.653729014,2526,3368,0.043478260869565216,0.17656656278761548
17.440584993506345,78.22091697183458,1947,2,4,21,8.926321290410641,10995345.635481609,3894,7788,0.045454545454545456,0.1107871044943168
17.26299920308047,78.33040439803021,2879,3,2,15,2.774665246900768,16040571.445136454,8637,5758,0.0625,0.34786659110243157
17.20612046329385,78.90648840153203,4159,5,4,27,4.828035289662554,23941503.640441544,20795,16636,0.03571428571428571,0.20292062479700196
17.213229309183244,79.06388990249083,1026,2,1,34,3.3784230155422734,4746813.918441559,2052,1026,0.02857142857142857,0.2874865982463331
16.767338496585683,79.28003698661475,2396,3,2,7,9.531010387348243,13908522.550192658,7188,4792,0.125,0.10383126585697053
16.681669397543843,78.72499264167675,2573,2,4,21,8.27172682858029,14818624.320630249,5146,10292,0.045454545454545456,0.11944966916336709
17.35216950212207,79.45096739502777,905,1,4,20,7.14821481099852,4819179.009993604,905,3620,0.047619047619047616,0.13796500601535555
17.353147413082937,79.74822031494057,2073,3,1,25,5.9587444688280655,11464877.998665428,6219,2073,0.038461538461538464,0.16505069740850595
17.427194014154136,79.60373178000803,4240,2,2,39,8.241799535376652,22556138.590745512,8480,8480,0.025,0.11987821042199712
17.487212718323413,78.27131388562705,4774,2,3,20,4.0442170069307615,26612557.89020237,9548,14322,0.047619047619047616,0.24130010526176757
16.96474511851922,79.0649125050641,4727,2,3,24,4.586008180039407,25594319.894278042,9454,14181,0.04,0.2134012493319187
16.95197118309336,78.38887432115271,2346,3,2,0,7.354016866592443,14126873.067538135,7038,4692,1.0,0.13415585420551157
17.33778373265681,78.63568102855255,1978,4,4,5,3.7059966802784,13123892.37333249,7912,7912,0.16666666666666666,0.2627432664830523
17.144953110011095,79.97599266788086,2895,3,4,22,0.8262292320740634,15956278.208792137,8685,11580,0.043478260869565216,1.07964633955759
17.212556940435014,78.45649197722273,1271,5,3,22,0.9284791670835004,7910990.472534052,6355,3813,0.043478260869565216,0.9723094370844088
17.334530470266934,79.09799867621244,1078,3,3,22,1.3305554527958978,6644428.669580563,3234,3234,0.043478260869565216,0.6990291764262516
17.45700694436284,79.31268032177262,3401,2,3,31,8.722876968767896,18102831.89584451,6802,10203,0.03125,0.11334171422087153
16.739393703906998,79.46443694697939,693,1,1,29,4.827818972410803,2983770.870781892,693,693,0.03333333333333333,0.2029295324358835
16.788257838431928,79.20736763027645,2507,3,3,12,7.186247219578418,14931601.128090277,7521,7521,0.07692307692307693,0.13724486280303017
16.42217652179313,78.21758752535453,1685,3,1,17,4.050511488927954,9485839.09772144,5055,1685,0.05555555555555555,0.24093416020353975
17.051764183295028,78.78763035483918,2894,2,2,22,2.7353672846732184,15901312.974139832,5788,5788,0.043478260869565216,0.35268799404069157
16.346724955935766,79.13188095809248,3498,1,4,14,3.6024832421096775,19576499.199021317,3498,13992,0.06666666666666667,0.270089000978219
16.905277423572198,78.3581596984607,2292,1,3,32,7.9829869841084,11795767.089988384,2292,6876,0.030303030303030304,0.12371664113353831
17.00543802511985,78.83112847617653,1610,5,4,20,6.327118025308095,10627602.779836178,8050,6440,0.047619047619047616,0.155590732278806
16.67250362776677,78.25976559582446,4505,3,4,38,9.38886984358744,24323593.70610612,13515,18020,0.02564102564102564,0.10538662838502291
17.068083238739714,78.34144129487905,2761,1,3,22,6.861106830052973,14708026.117865002,2761,8283,0.043478260869565216,0.1436553158016094
16.339650324920765,78.91446189716288,4236,1,3,26,5.787779991196001,23065831.768926032,4236,12708,0.037037037037037035,0.16984330282301655
16.348552645373978,78.4388883572775,4293,4,2,17,6.1799208880611785,23954125.27812593,17172,8586,0.05555555555555555,0.15923767477725878
17.369380728857557,79.2215735268708,2436,4,1,23,9.435240106790463,13227702.560150666,9744,2436,0.041666666666666664,0.10487412889454731
16.768247833834643,79.44103694444708,4857,1,1,39,7.924369112693721,24882887.18399687,4857,4857,0.025,0.12462038896218065
16.46517866644745,79.64105605839634,1229,5,4,6,0.4356041261910907,8671847.54010781,6145,4916,0.14285714285714285,1.86705059035192
16.978916238071246,78.56027043964066,4878,1,3,19,5.434569022129834,26579475.93498574,4878,14634,0.05,0.18068254203742432
17.300991619028196,78.50146864806632,3951,2,2,26,6.945716433156336,21466586.966070745,7902,7902,0.037037037037037035,0.14193020816082158
16.580567335745897,78.38822211260192,4957,3,2,5,7.53724508870372,28022360.3822048,14871,9914,0.16666666666666666,0.13093726708850867
17.1097576185647,79.34557444917854,2640,5,2,26,2.2887927692765797,15284619.221538642,13200,5280,0.037037037037037035,0.41862149486614497
16.4109517044919,79.47165630767643,2144,2,2,8,8.698338073623251,12433795.759611953,4288,4288,0.1111111111111111,0.11365782851626537
16.367186237519192,78.25685506068616,3300,5,2,30,9.567262842316605,18114765.069142174,16500,6600,0.03225806451612903,0.10344189625451065
16.990761021038594,79.88518204323864,641,2,1,20,2.519809997279724,3515316.5556775425,1282,641,0.047619047619047616,0.38170707075640925
17.00282565809314,78.29354831057265,1955,3,1,25,8.84963148366901,10661284.757795762,5865,1955,0.038461538461538464,0.11173644432452519
17.12865887194767,79.17433340354192,2596,3,1,39,1.150391872657735,12870959.272194298,7788,2596,0.025,0.7997492800992687
17.24391873383946,79.47630893501164,1825,4,3,12,0.7459269939294029,11306896.111013956,7300,5475,0.07692307692307693,1.182135109975525
17.568607703301296,79.76774442274295,1713,2,4,22,1.4663932410069438,9532917.736484552,3426,6852,0.043478260869565216,0.6384092920096857
16.971190452791554,79.48535647783837,1659,4,2,19,0.7658625787769529,10146272.92963031,6636,3318,0.05,1.1549176792147766
16.71984341482362,79.64311054952563,4999,2,3,36,8.481119924126604,26527490.146314766,9998,14997,0.02702702702702703,0.11653490556499607
17.333742053199316,78.81101034657705,840,4,2,27,0.7786914156910651,4448687.768014522,3360,1680,0.03571428571428571,1.1380559570091273
16.652081926640697,79.66668520474373,4328,3,1,16,2.8623090753638243,24023497.228115253,12984,4328,0.058823529411764705,0.33757449832515607
16.870662846917327,78.34420672349242,2468,5,3,27,1.2168121666513927,14024488.00460398,12340,7404,0.03571428571428571,0.7594097513109748
16.401993295744948,79.81066998090895,1203,4,1,1,3.095135955874897,8143997.180464494,4812,1203,0.5,0.31297572742133234
16.332955966440096,79.18566627707672,4913,2,2,24,1.0874827824890207,26551729.180773236,9826,9826,0.04,0.8421174729825994
17.551442939081305,79.6711359859325,2929,2,2,5,6.7464318572815385,16685587.268811477,5858,5858,0.16666666666666666,0.14606148441197844
17.38677415666587,79.01417291213293,2300,3,4,10,1.5066028001572365,14276078.058145318,6900,9200,0.09090909090909091,0.6224313812363149
17.204766467921807,79.35843985135375,1355,2,2,37,8.5480900732211,6718356.334833713,2710,2710,0.02631578947368421,0.11563246815577352
16.83163882773855,79.14752478968501,2312,1,1,5,8.208472297121082,12904139.953558657,2312,2312,0.16666666666666666,0.12035907014415922
16.5252826160921,79.5168611391596,3366,5,2,10,0.33388451761197235,19866379.573294017,16830,6732,0.09090909090909091,2.304760735653423
16.503368155472412,78.34693396765506,4142,4,4,13,8.978118284048122,24021415.979762122,16568,16568,0.07142857142857142,0.11015498682774148
16.625315767613976,78.30863375118302,682,5,4,1,0.4836543040849972,6195603.828215391,3410,2728,0.5,1.7133429720315583
17.01399466411796,78.64478582121826,3612,3,1,39,2.548528692584055,18656306.073720753,10836,3612,0.025,0.3775681202926079
17.228974699510083,78.48718042420374,4992,4,3,2,0.5174135502047517,29398465.834422033,19968,14976,0.3333333333333333,1.6196599502365505
17.158256589733053,79.76921041986597,2017,4,2,34,3.491266172985297,10575710.129908243,8068,4034,0.02857142857142857,0.2784533230987816
16.663914066029726,78.59458517724448,1856,1,4,32,5.235891951990062,9748838.281703932,1856,7424,0.030303030303030304,0.1874100916955491
17.541324864862155,79.95655746047444,2674,3,2,23,8.007119716348354,14324754.8857264,8022,5348,0.041666666666666664,0.12334836970317056
17.2592659917045,78.806412425188,4129,2,2,18,3.5122191946043944,23310533.39314607,8258,8258,0.05263157894736842,0.27683812806645547
17.020660268264823,78.52781224823966,4128,1,3,17,7.113802241796544,22805157.431436196,4128,12384,0.05555555555555555,0.13862315135366912
17.095236970104658,79.62145731285646,4596,1,4,23,2.0375436797660074,24710253.824370064,4596,18384,0.041666666666666664,0.46782669728155823
16.84548008115613,79.38567399590158,3739,5,2,34,7.555864876092439,20575325.390228644,18695,7478,0.02857142857142857,0.13061881527229893
16.622050286351506,79.09675228961565,4191,5,4,0,2.5127667379105283,25131254.218326848,20955,16764,1.0,0.38273604202406375
16.76276448224664,79.19965439168774,518,5,1,35,1.6067386082489257,2566913.4558593677,2590,518,0.027777777777777776,0.5859128018589659
17.285199943603683,79.49456320089007,3903,1,1,24,2.0170067336657325,20760205.88959888,3903,3903,0.04,0.47236505396864564
16.318711535218682,78.61121853439634,3504,2,2,33,1.9842186630421828,18293996.408523396,7008,7008,0.029411764705882353,0.47979610668123107
16.45089443265899,79.99340104890213,1632,4,4,24,5.226056217894514,9873788.32404797,6528,6528,0.04,0.1877561856444914
16.35980343462828,79.9546276918642,3839,5,2,15,8.47901629564383,22263920.818708707,19195,7678,0.0625,0.11656348065311058
16.352947443014664,79.37058623542448,3811,2,4,33,0.9801297545265553,20791424.18861943,7622,15244,0.029411764705882353,0.9258146956967425
17.41209875921431,78.55917641167247,3872,3,4,28,7.128171921235543,21411944.343406852,11616,15488,0.034482758620689655,0.13834756711612162
17.214755217194032,79.42441083637632,1487,5,3,18,6.612595304598005,9411130.603168545,7435,4461,0.05263157894736842,0.14897367629402866
16.916425977813525,78.32995713616252,3821,4,3,22,8.750695527927752,21734148.2636252,15284,11463,0.043478260869565216,0.11298547067228444
16.4271844088463,78.25517450397045,673,3,3,18,2.592646092967691,4373159.168698312,2019,2019,0.05263157894736842,0.37138189181700193
16.939100637651883,78.66382919932019,4241,3,2,24,4.611076615113291,22916660.877668098,12723,8482,0.04,0.21226570520886176
16.915513302014737,79.03272132213077,3552,4,3,15,9.273108269546471,20117656.459100638,14208,10656,0.0625,0.10668819469940746
16.52516243088302,79.76289050973509,1226,5,3,8,6.667935811326109,8195883.328269214,6130,3678,0.1111111111111111,0.14775553845036543
16.864007144009367,79.50890432557935,4260,1,1,0,4.00993044604365,23387014.469494,4260,4260,1.0,0.24331312004626063
16.818056154716587,79.53687173815996,2375,4,4,18,1.487841351981631,14192504.906199919,9500,9500,0.05263157894736842,0.6297858402238969
17.100605127467883,78.96588800200654,4533,4,4,32,2.7723530774257927,25685492.73526144,18132,18132,0.030303030303030304,0.3481466146551181
17.125621746127937,78.82268298658454,1489,4,3,33,5.895911679395957,8567609.318042979,5956,4467,0.029411764705882353,0.16678030856197376
16.358895212703658,78.86786977337229,4244,3,4,15,7.238045886093035,24332936.696049135,12732,16976,0.0625,0.13627606252710772
16.786996399014413,79.9777692147249,3186,2,1,39,1.4193344911485561,16555830.217882752,6372,3186,0.025,0.6581829122065411
17.113617890428507,78.27219654454247,919,1,1,17,6.07605314843173,5217187.330578221,919,919,0.05555555555555555,0.16191570505735164
16.954077136154115,79.76065669302041,1093,5,3,33,5.59344253261976,6574823.086338014,5465,3279,0.029411764705882353,0.17564065927962633
17.41343679354482,79.24161573543032,2274,5,1,24,5.2367633775689395,13153771.62159728,11370,2274,0.04,0.18737949001132798
17.15630172110463,78.98950775454126,2959,2,4,5,6.963206553283679,16818745.427867062,5918,11836,0.16666666666666666,0.14157875639855114
16.511814755205858,79.50546378874725,1435,4,2,20,8.407006031817925,8682170.487511432,5740,2870,0.047619047619047616,0.11755016938506892
16.39173937162056,79.07600409456447,4308,1,4,5,3.3652988951333107,24579416.732713338,4308,17232,0.16666666666666666,0.28857539573409
17.13514506166821,79.77216182854698,831,5,2,31,8.912319463087403,4673756.709793012,4155,1662,0.03125,0.11095922687780801
16.33446470370411,79.82126335522027,3949,5,3,38,1.7742094036617968,21776853.327687982,19745,11847,0.02564102564102564,0.5335583089308046
17.061508255655504,78.95909766837222,3202,4,2,30,1.8956339235614108,17499030.520910192,12808,6404,0.03225806451612903,0.5010939071507657
17.522299313852447,78.69829003502309,4506,2,1,9,2.8143662235144546,25439673.907920405,9012,4506,0.1,0.3431277757515639
17.048116431238643,79.26623059146806,4368,1,4,29,1.3714025215613626,23631207.258183755,4368,17472,0.03333333333333333,0.6796236824025971
16.80462090406848,79.84225402211004,4700,2,2,17,2.4571284018922004,25785068.222291622,9400,9400,0.05555555555555555,0.3910636631543528
17.13627468397506,78.57919194021021,701,2,4,23,1.2428352764478772,3842965.076669769,1402,2804,0.041666666666666664,0.7446929772691412
16.895728757638974,79.32133985041428,2997,1,3,8,8.253173686456826,16828350.296177436,2997,8991,0.1111111111111111,0.1197149775086469
17.009301826110715,79.33680839616653,2342,1,3,30,1.561896120488921,12134069.685722442,2342,7026,0.03225806451612903,0.6017223264868115
17.523904251409483,79.51960344034751,2366,5,1,14,7.523516064086597,13648585.432647938,11830,2366,0.06666666666666667,0.13117306917091331
16.80193342914101,78.43682183322908,2496,5,3,3,0.6695559055506707,15246614.311578592,12480,7488,0.25,1.2994507517740777
17.54954773297109,79.48848493642777,1409,1,2,39,9.495499209636368,6549919.72761044,1409,2818,0.025,0.10421552627462477
17.476955834542885,79.83625853719815,4805,3,3,8,7.169368857772109,27306858.79592077,14415,14415,0.1111111111111111,0.13756352436715896
16.554528475226086,78.52342959596643,3689,5,1,8,0.2666061761438955,21257263.248489197,18445,3689,0.1111111111111111,2.72772273101993
16.390169691137714,78.62757798486298,1270,3,4,25,7.685793701962098,7161484.3150510825,3810,5080,0.038461538461538464,0.12843905686172882
16.431011401790656,79.94851116927495,3655,1,4,3,5.238002823508617,21086289.546201967,3655,14620,0.25,0.1873359818387488
16.323688373347014,78.52575851487708,3001,5,3,16,7.837778669284174,17618207.79474889,15005,9003,0.058823529411764705,0.1259798290760581
16.422775848982706,79.73789316806524,3214,2,2,15,5.320468727127768,17851286.40615299,6428,6428,0.0625,0.1844858904904865
17.187908805441264,79.08610014160647,4085,1,1,14,6.482043604826476,22118213.38727643,4085,4085,0.06666666666666667,0.15192849820483123
16.3925452429983,78.64501593392572,2128,4,2,34,7.906050222871397,11023292.011495892,8512,4256,0.02857142857142857,0.12490553670813052
16.71466831938189,79.76734982229053,886,3,1,4,4.170058934960996,5953301.089605034,2658,886,0.2,0.23418880517374743
17.39833790426029,79.0015494590048,3921,1,3,4,0.2265398682404305,21747362.65517941,3921,11763,0.2,3.0624131913463706
16.330253516456576,79.12667123707344,4508,1,1,19,8.529475660262847,24269224.08087686,4508,4508,0.05,0.11588189588445294
17.358809027365616,78.84662006491958,4593,5,1,14,3.932725553721694,26347853.137605593,22965,4593,0.06666666666666667,0.2479712508769973
16.66641120720542,79.26731153258287,4863,5,3,17,5.061218714962514,27804016.420992184,24315,14589,0.05555555555555555,0.19375268812014743
16.453614275908155,78.49434297065304,2966,5,2,1,0.2761130931088934,18262123.929813948,14830,5932,0.5,2.6587747630218153
17.205758314973398,78.90394676597317,2782,4,3,28,5.0225017014309605,15492296.816692159,11128,8346,0.034482758620689655,0.19521711427067992
17.11762570081385,79.94494218020351,2356,5,1,12,9.86757653540295,13920959.14754226,11780,2356,0.07692307692307693,0.10032528934673227
17.44071361758517,78.66464017886203,2498,1,3,3,2.927023076023943,14713701.186155073,2498,7494,0.25,0.3303575740537534
17.25559235694505,79.38212599617432,1736,5,1,9,4.075099048375305,10458484.595875015,8680,1736,0.1,0.2395152757846881
17.344525209500304,78.78534211560445,4644,2,3,30,6.934461965393032,25270827.908550866,9288,13932,0.03225806451612903,0.14215728294781216
16.6666449443427,79.59225162623588,1650,5,4,7,8.184977941731855,11328094.952173136,8250,6600,0.125,0.12070038170686602
16.53067140691364,78.43557258929303,4818,4,4,2,4.290437915259783,28371108.630878814,19272,19272,0.3333333333333333,0.22776771231049964
17.275799177133116,79.94567788114138,1931,2,3,8,3.2347549299326674,11188699.85942526,3862,5793,0.1111111111111111,0.29987211084809495
17.348885161047445,79.01682117449056,2319,1,2,29,9.390692839853658,12448702.530729318,2319,4638,0.03333333333333333,0.1053663854551023
17.587656684600876,78.62489083402363,2824,1,1,10,6.836020673382359,15387711.354878869,2824,2824,0.09090909090909091,0.14417488745925966
16.836402979984854,78.33229414519403,1630,3,4,34,1.3664087840327825,9000298.751540044,4890,6520,0.02857142857142857,0.6819380863567197
16.783623511530617,78.50556422915757,3158,2,2,36,0.8754932057195566,16622824.932717092,6316,6316,0.02702702702702703,1.0251224653711108
17.3093368489646,79.13559310740084,4000,3,1,12,4.9387885377456175,22510889.284836143,12000,4000,0.07692307692307693,0.19846040223934575
16.743044602328926,78.80660571757632,874,2,4,35,2.3568826472632702,4296415.450183723,1748,3496,0.027777777777777776,0.4070198473312933
17.509984523284636,79.6919900585887,2620,2,4,12,2.6890505830872846,15199770.99363407,5240,10480,0.07692307692307693,0.35854494933292663
17.415936577395918,78.97559754259125,4520,4,3,11,8.801383352512913,26175620.53921821,18080,13560,0.08333333333333333,0.11234208890887663
16.857692235587525,78.64768569065774,2521,3,1,36,1.0777470382998446,13026536.017672079,7563,2521,0.02702702702702703,0.8490787643529681
17.276132388128946,79.31086097588725,4205,4,2,9,7.210568329243119,23971237.598630916,16820,8410,0.1,0.13678827075589792
17.28090573631009,79.4721989903938,3759,2,2,8,2.8571940831297633,21115444.805281162,7518,7518,0.1111111111111111,0.33815839335835685
16.434061029486713,78.5006754342217,3935,1,2,6,7.6512165697605505,21521887.74036073,3935,7870,0.14285714285714285,0.12901200617993983
17.47331877868344,78.50171458931898,2389,2,1,1,7.2796315677427375,13502657.372250961,4778,2389,0.5,0.13550811999492238
16.956828084182217,78.26600856848037,2323,4,2,22,0.27244063415407166,13052615.007054118,9292,4646,0.043478260869565216,2.68499166926646
17.374394705940066,79.52552362711815,1974,3,2,38,5.189527046631672,10127105.0667338,5922,3948,0.02564102564102564,0.18905281912430943
16.716064481339796,79.39484814971925,2742,3,2,39,1.5653309273048543,14642710.423529109,8226,5484,0.025,0.600481251866489
17.46418019704506,79.05433557634967,3743,4,3,38,8.689024899671033,20705388.606572066,14972,11229,0.02564102564102564,0.11377826453050888
16.805962182354413,79.71950680814456,3634,3,3,20,8.741541652051584,20285618.043856267,10902,10902,0.047619047619047616,0.11310244744116099
16.31408894692439,79.6502062753101,2570,5,1,22,4.299788913438829,14764446.202592641,12850,2570,0.043478260869565216,0.22728363102729185
17.476996569345044,79.25363785591415,859,1,1,28,4.55507706082059,3783641.2152517936,859,859,0.034482758620689655,0.21481921500644752
16.418672679821974,79.76288830492386,2541,1,2,13,3.172172806164366,13318163.993283892,2541,5082,0.07142857142857142,0.305607331653183
16.71510772886754,78.57051417806619,1641,1,3,25,7.2227417298083045,8150564.18319671,1641,4923,0.038461538461538464,0.13656087253894972
17.535080557166047,78.4014553149159,2135,3,4,4,3.7148813576593,13378007.253407938,6405,8540,0.2,0.26213134990220793
17.535789291018823,78.68554930073059,4500,3,4,30,2.824366250321811,25136936.395317826,13500,18000,0.03225806451612903,0.3419544319696465
17.045469254560274,78.30275634096077,2443,2,2,24,4.435864383144181,13376285.797957387,4886,4886,0.04,0.22046514523584979
17.12138837582074,79.15610515040186,3861,2,2,30,1.0965776801970955,20654741.96265606,7722,7722,0.03225806451612903,0.8357167416287457
16.882979178571816,79.88589024613093,3480,1,3,19,7.516711405513198,18303631.87668188,3480,10440,0.05,0.13129025727247207
16.681174003207484,78.27081837320333,506,5,3,16,0.32344473246351224,3766356.3859846606,2530,1518,0.058823529411764705,2.361583279551527
16.72726390898089,78.41979784521806,3767,2,3,1,6.5159536029018215,21442948.806233305,7534,11301,0.5,0.15114979034335888
17.17427399290015,79.01395825091018,2091,2,1,24,1.9920723621977496,11239328.764672268,4182,2091,0.04,0.4779949384492068
17.278086888268984,79.88097503155024,3764,3,1,12,2.477559652901249,21032849.679752488,11292,3764,0.07692307692307693,0.3879638629796289
17.329052756843605,78.76908098895815,3106,5,2,38,6.429193586672392,17429390.312772315,15530,6212,0.02564102564102564,0.15315827088374795
17.32650358563292,79.11302265563911,3719,1,1,27,9.930845964672491,19796520.35224141,3719,3719,0.03571428571428571,0.09969248890092494
16.4185679339633,78.27483114629071,3773,2,3,5,7.821631392910997,22008068.749043487,7546,11319,0.16666666666666666,0.12623662354384374
16.942746396113357,78.46701776173177,1413,5,3,2,2.413228395789242,9436215.392012302,7065,4239,0.3333333333333333,0.39789459711478586
16.37482638802164,79.97593422132593,2511,5,1,34,1.9250425994031113,13909641.298657393,12555,2511,0.02857142857142857,0.49381677219765835
17.014387547020856,79.93721365358488,1942,1,4,17,8.68908212862317,10570515.720103059,1942,7768,0.05555555555555555,0.11377752367830614
16.87398965178539,78.20889196568194,3554,5,2,10,4.553002689630742,20931536.47822922,17770,7108,0.09090909090909091,0.21491498430218167
17.45401543758579,79.91326121376183,4046,5,4,19,1.5431174677159236,23322737.940483917,20230,16184,0.05,0.6085992143885409
16.756189516317704,79.3504158880679,4721,5,2,4,8.649671948554994,27817105.111551564,23605,9442,0.2,0.11428999919992998
16.452187121355887,79.76225293013604,3428,2,4,18,8.197705058559762,18912977.90847484,6856,13712,0.05263157894736842,0.1205152500531961
16.485889186668686,79.01853174014094,2329,1,1,21,9.842282366192203,11429271.233443866,2329,2329,0.045454545454545456,0.10058052700257299
17.289963821232714,79.12807285144265,1075,5,2,18,9.115488129784302,7294747.0414783405,5375,2150,0.05263157894736842,0.10851297141472267
17.10368348231114,79.07992384446246,1429,5,2,15,8.547545318873308,8928560.370898547,7145,2858,0.0625,0.11563975245292966
16.431459478959628,79.40035566358299,4259,2,2,23,0.7152290985478309,22935881.243210867,8518,8518,0.041666666666666664,1.2266490509002952
16.4093388479495,78.45137225856136,4199,1,3,3,1.2232706210815567,23765236.899952218,4199,12597,0.25,0.755703318783473
17.211259870896857,78.25395246177082,1963,3,3,14,5.776035304180404,11279041.988980426,5889,5889,0.06666666666666667,0.17018277601030873
16.39459190827345,78.75427389486414,3775,2,4,24,5.408496613561845,20829010.018702287,7550,15100,0.04,0.18153773527572176
17.368418077077465,79.46842537292596,1554,1,1,34,4.688039501997448,7470633.26322451,1554,1554,0.02857142857142857,0.2088537489264292
17.218114895303447,78.56333621382132,2400,5,3,13,4.088535389062925,14741520.343144516,12000,7200,0.07142857142857142,0.23874693827613183
16.40575341483447,79.41217837998485,1957,1,2,18,4.425862751670423,10528972.137360794,1957,3914,0.05263157894736842,0.22095234762276345
16.41028902831075,79.94584168299309,1899,1,3,37,5.779119754520994,9351597.940129828,1899,5697,0.02631578947368421,0.17009349048061292
17.58263145205153,78.36902128842095,3915,1,1,35,0.22034987248079585,20600592.480446383,3915,3915,0.027777777777777776,3.1215870081544903
16.78655203448296,79.41068381280523,942,3,3,6,2.754945986501952,5734488.884836383,2826,2826,0.14285714285714285,0.3502693237378052
16.78183479118696,78.99875039474823,4150,1,2,29,5.279141262749369,21718341.660453133,4150,8300,0.03333333333333333,0.18590327919532706
17.356639437434755,79.76265605787951,1678,3,4,18,7.277717767001734,9553458.205848105,5034,6712,0.05263157894736842,0.13554327118240994
17.531423150599018,78.5188696210053,4958,5,2,24,1.9067355854748842,28223208.942263998,24790,9916,0.04,0.4983217556105454
17.581801382969733,79.4467267140071,1757,3,1,15,5.559435503116844,9652786.327718537,5271,1757,0.0625,0.17669606791159048
17.279391640836625,79.7086075213666,4134,5,4,39,7.201704902080662,22521170.75976085,20670,16536,0.025,0.1369543159317551
16.78913746119019,79.90030559505324,2341,5,3,7,4.557351047556266,14676364.487646174,11705,7023,0.125,0.21471432790635456
16.40855093170827,79.42984645092136,2809,3,3,17,0.4653951099665003,15815240.847977921,8427,8427,0.05555555555555555,1.768674653127527
17.31029099070567,79.09491457521517,1410,2,3,27,4.60282795296324,7384711.356423412,2820,4230,0.03571428571428571,0.2126380148289079
17.025925524656547,79.31212503236219,4840,4,4,15,3.105159899892701,28506714.172767192,19360,19360,0.0625,0.3119969147353544
16.851488612021072,79.7640289720617,4509,1,2,18,9.310566155473017,24602877.412314218,4509,9018,0.05263157894736842,0.10626353223375598
17.478260700623157,79.2270975439499,2669,4,4,16,1.4212111796476081,15780657.538284408,10676,10676,0.058823529411764705,0.6573709248124591
16.444556726997998,78.25469670745431,2672,1,4,12,6.594264363970876,14994804.953117473,2672,10688,0.07692307692307693,0.14938161172452177
16.940412635578117,79.87570765191256,623,1,1,6,0.7166537100781114,3880829.9331144886,623,623,0.14285714285714285,1.2245092230149202
16.314759738197644,79.44114815185681,3658,5,4,26,4.572470290564426,21203549.37176728,18290,14632,0.037037037037037035,0.2140195523595725
16.909258834592364,79.41772409439905,1285,1,3,9,5.628998974756791,7399454.872466361,1285,3855,0.1,0.17455056361612498
16.373194258386388,78.5882152743159,2916,1,2,33,3.119958326905282,15041069.024499195,2916,5832,0.029411764705882353,0.310563025503844
16.454463291148496,79.38599384641878,1296,3,2,35,4.659741228099768,6117551.925166114,3888,2592,0.027777777777777776,0.2100954552101208
16.452784120810236,78.90895593017748,4672,4,2,24,1.8028271863958363,25543926.155319422,18688,9344,0.04,0.5255337989437232
17.143973392750883,79.37221935867468,4654,3,3,5,3.1804137247867548,26714442.974148277,13962,13962,0.16666666666666666,0.304839597653191
17.26985834304505,78.39186745455439,2436,1,3,23,6.28684198411999,12800843.394793157,2436,7308,0.041666666666666664,0.156571902434155
17.058379394626307,79.38412154828546,2656,5,3,17,3.1576405474393203,15954882.696616126,13280,7968,0.05555555555555555,0.3069706388527284
17.550824313016907,79.9989447063872,4307,3,3,22,9.017482168406943,23922216.868931513,12921,12921,0.043478260869565216,0.10967940288000866
16.787331753380816,78.28678166994901,1801,3,3,5,6.3583881848817,10764707.977329643,5403,5403,0.16666666666666666,0.1548373946212893
16.67142571216642,79.95891353159837,4663,2,4,28,4.498760380672648,25582990.528332092,9326,18652,0.034482758620689655,0.21744990328322625
17.4291788666463,78.93243432930117,3640,1,3,24,0.5798179684309883,19580034.71512275,3640,10920,0.04,1.4709820075923972
16.590674590075288,79.76735621060706,3736,5,3,16,5.095573685005778,22340591.071279064,18680,11208,0.058823529411764705,0.1924715268471624
17.552189301272797,79.6082938713049,2852,3,3,23,7.694807172825875,15959502.510368241,8556,8556,0.041666666666666664,0.12829053725487696
16.31580081709676,79.220629269776,2432,3,3,10,2.8024644605216538,13837756.29237708,7296,7296,0.09090909090909091,0.34453479572331164
17.560842474719934,79.5292085766524,3221,5,2,25,8.106380982557921,18708995.005501926,16105,6442,0.038461538461538464,0.12185639469157342
16.35610788553575,79.78132801034242,864,1,3,33,2.667706307298639,3745362.6411303594,864,2592,0.029411764705882353,0.3613100123242588
17.458486047807494,78.92745257897187,2890,2,4,27,8.272714601917844,15445761.037718002,5780,11560,0.03571428571428571,0.11943557705537236
16.98601144181219,78.78865969081383,1446,3,4,2,1.0356297477944385,10170215.252068195,4338,5784,0.3333333333333333,0.8805686905808414
17.590854234955092,79.40166809401445,1877,2,4,10,8.68860034691649,11110035.988665758,3754,7508,0.09090909090909091,0.11378376084092315
16.39593553415602,79.65412269549427,1939,4,1,37,5.092027219146639,10297429.12168298,7756,1939,0.02631578947368421,0.19260299643890538
17.02001056972172,79.57211324259791,3680,1,2,13,3.106068378278568,20432266.32530468,3680,7360,0.07142857142857142,0.3119085066229714
17.56009329630483,79.63606456794554,840,4,3,25,2.7981098540684584,5038250.338776948,3360,2520,0.038461538461538464,0.3450524826021237
16.980027197421194,78.98404996666328,3489,4,1,20,4.433703477517555,19306935.832006168,13956,3489,0.047619047619047616,0.2205702258559604
17.11821822957584,79.67210158911504,882,4,3,38,9.990685081415721,4378455.636483285,3528,2646,0.02564102564102564,0.09910129906261035
17.204473295680003,78.41637629966709,2056,1,1,29,2.3592084556883095,10781679.672381002,2056,2056,0.03333333333333333,0.4066349063199318
16.890903384198108,79.18008037632953,799,1,1,7,1.2115231590141964,4575348.186986688,799,799,0.125,0.7624722393401332
17.115825504109285,78.21036558889662,638,5,4,19,5.933344653442887,5104540.895578769,3190,2552,0.05,0.16574554537164668
17.05960860550003,78.78425449382048,858,2,4,31,4.987716171114521,4421373.5575535875,1716,3432,0.03125,0.19655184494714825
17.471505413638287,78.85963076276852,2022,2,1,21,5.337123456420413,10510956.840386366,4044,2022,0.045454545454545456,0.1839207823797256
16.359080294443896,78.91311084489666,3956,5,4,6,6.735967092060728,23156935.880538065,19780,15824,0.14285714285714285,0.14628508103285007
16.6652521464699,79.45184097204175,2127,5,1,8,2.8180118847323636,13122450.658427902,10635,2127,0.1111111111111111,0.3426990840003788
17.535534929299526,78.89940458228662,1803,4,2,0,9.124516954762107,11796616.499654539,7212,3606,1.0,0.10840676047364793
17.457342919058192,79.00764852072055,1634,5,4,28,4.469586247998446,9509468.441326087,8170,6536,0.034482758620689655,0.21883819359750928
16.892353778621427,78.6275794355738,2686,3,4,7,1.4650447123961254,16240385.652781503,8058,10744,0.125,0.6389593805719282
17.106172377142,78.87185322493282,3670,2,4,3,7.474527815992655,20835452.089895956,7340,14680,0.25,0.13202143081297119
16.660595537875473,78.60908532907368,4335,5,2,34,6.502422655654933,23713230.430490058,21675,8670,0.02857142857142857,0.15145955540175945
16.544557507640892,78.3317526627832,2651,3,1,2,3.294285344343564,15578523.902003774,7953,2651,0.3333333333333333,0.2946128267225555
16.90280792642198,79.28620746808649,1737,3,3,39,6.290883495533676,8427739.686910538,5211,5211,0.025,0.1564728884040616
16.75935789643387,79.40278303739903,4235,3,4,6,2.354647172415974,24628226.844870783,12705,16940,0.14285714285714285,0.4073905248939525
17.058752945406134,79.3150826228173,3334,3,1,26,4.55942572153719,17772004.214936428,10002,3334,0.037037037037037035,0.21461872337136223
16.401055028054483,79.03428927884103,4760,4,2,0,9.014242717239787,27736071.699790485,19040,9520,1.0,0.10971838593989586
17.566713249966018,78.88361440432261,1498,3,3,26,1.5086354849753443,8351663.920229557,4494,4494,0.037037037037037035,0.6216448719054131
17.582073967823487,79.75400056922929,3067,4,4,15,3.989625209877128,18300591.075593345,12268,12268,0.0625,0.24452118438257692
17.20761022822567,79.13434721324519,1807,4,2,37,8.247195762259404,9398440.61992007,7228,3614,0.02631578947368421,0.11980071253646049
16.996925276247357,79.06252737973352,1156,3,2,6,9.701010814180545,6706760.873696634,3468,2312,0.14285714285714285,0.10203029248301153
16.702385901172228,78.24615571845159,3160,2,3,22,4.6484761369336,16917700.07226578,6320,9480,0.043478260869565216,0.21059387710133154
17.357933525619035,78.81424608972708,2711,3,1,10,5.168596277404806,14808582.24199749,8133,2711,0.09090909090909091,0.1898038770381127
17.190150524320043,78.88435211381454,2409,3,4,32,5.8072852254809435,13394205.219145972,7227,9636,0.030303030303030304,0.16928249810700224
16.51140202114836,78.91788100561442,4230,3,4,35,9.337011788010367,23748893.981080443,12690,16920,0.027777777777777776,0.10596574662230374
17.484205339841996,79.2443102646092,2546,2,1,36,8.610426551574891,12918310.777366167,5092,2546,0.02702702702702703,0.11480494027232166
17.36929841580012,79.16048458410839,3662,1,1,16,1.8718910212921147,20295816.789069,3662,3662,0.058823529411764705,0.5071274168816556
17.534739887279503,79.2942291670282,1640,1,1,34,4.480226614901335,8048066.321864172,1640,1640,0.02857142857142857,0.21832980856156645
17.24343536090487,79.57678987077583,766,4,3,4,4.7472041963249785,5538819.09212965,3064,2298,0.2,0.20630449213552288
17.09743975471653,79.66337432968896,2345,4,3,31,7.933141894157816,13328766.246943243,9380,7035,0.03125,0.12448429433659824
16.843715947177806,79.4926215372077,2208,2,4,2,6.108350249533267,13147718.836307913,4416,8832,0.3333333333333333,0.16107338661751217
17.512547028360217,79.91994265271889,4130,5,3,34,6.611360527884328,22812103.625941385,20650,12390,0.02857142857142857,0.1490010849283398
17.425883056350532,78.23281864881746,3711,1,2,13,9.982359095123053,20148363.32484103,3711,7422,0.07142857142857142,0.09918313666131083
16.358784271138045,78.55240037423039,2793,4,4,30,0.934608426006128,15789775.382651707,11172,11172,0.03225806451612903,0.9665492517398818
16.33427706684643,78.21361317496066,4232,1,3,30,2.3854962706305836,22814773.43219008,4232,12696,0.03225806451612903,0.4023341381825106
16.789402376941464,79.36545448547828,4329,2,1,16,4.197380186241159,23503299.47457673,8658,4329,0.058823529411764705,0.23269991405500523
17.353719330016386,79.81645498810998,2010,2,2,23,3.608267549879095,11081524.144827915,4020,4020,0.041666666666666664,0.26966770508039645
17.58345896810943,78.63826813383734,975,5,1,22,0.4121265012004392,6214620.062379431,4875,975,0.043478260869565216,1.9526425554154516
16.495541958434586,79.86866218063335,1476,5,4,17,1.0994205434175233,9643403.546147907,7380,5904,0.05555555555555555,0.8337359281430081
17.072369929957777,78.30848130252122,1707,2,1,13,6.873342255755047,9948550.016188357,3414,1707,0.07142857142857142,0.1434032581972737
16.795158113620328,79.88198484824993,2460,4,3,14,8.817379740953093,14795783.301073667,9840,7380,0.06666666666666667,0.11214056472300905
17.560888717158985,78.83292083703134,1057,1,3,14,5.239424710406581,6203433.169299975,1057,3171,0.06666666666666667,0.18728609433353224
17.39475460007642,78.38255749120859,1382,3,4,5,5.484072579233604,8933744.197882136,4146,5528,0.16666666666666666,0.17908076691532668
17.38982731612448,79.07456916653538,2694,5,1,26,2.6999156417573182,15255031.950300364,13470,2694,0.037037037037037035,0.3571536174469769
16.909301107733462,78.66219782189691,3167,3,4,14,7.725188363610372,18382512.49983607,9501,12668,0.06666666666666667,0.12779245093323502
16.839265353038964,78.71277122353146,2110,4,1,35,7.567586956199113,11069782.738153303,8440,2110,0.027777777777777776,0.13041912738811748
16.655429193509917,78.75312193686732,3988,5,2,7,5.965983754333036,23222179.568049133,19940,7976,0.125,0.1648537220835257
16.373288145646207,79.6454466160988,2954,3,3,14,2.2841100078111602,16268183.426941827,8862,8862,0.06666666666666667,0.4194437323460989
17.42413908913157,79.17049029801547,4994,4,4,2,1.1507785387234766,29553560.159269363,19976,19976,0.3333333333333333,0.7995020453585516
17.356771311869103,78.76035385848081,2446,1,2,12,0.8295380433998338,13844695.71398001,2446,4892,0.07692307692307693,1.0758031982665797
17.59963297527197,79.29860080995965,3308,4,2,33,6.008421453100203,17645453.806825444,13232,6616,0.029411764705882353,0.1637084159431191
17.595627888196077,79.48907121360175,4325,5,4,23,8.285346127599441,24911916.94172616,21625,17300,0.041666666666666664,0.1192556615771185
17.022061217283415,78.69072320132037,4036,2,4,39,8.611638231453064,21255251.040718418,8072,16144,0.025,0.11478897234156661
17.299683639734663,78.94438838274563,4302,1,2,31,4.743496328565809,22582453.837063733,4302,8604,0.03125,0.2064624255214635
17.528195448847157,78.41939496800651,4677,3,1,31,7.8858587332058265,25469581.689878862,14031,4677,0.03125,0.1252213485622932
17.404541607880635,78.52606882916243,2470,5,2,29,9.479425924142031,13500824.034832247,12350,4940,0.03333333333333333,0.10439038914428098
16.621552532266158,79.42601213713696,4322,2,4,12,2.896667102383067,24200938.985832456,8644,17288,0.07692307692307693,0.3337040671634033
16.885707375903124,78.52658902585213,3319,4,2,0,4.10001139453142,20293450.024829913,13276,6638,1.0,0.23809459214849735
16.467907239696945,79.14529409060071,1402,2,1,33,9.32849412744747,6584120.637252899,2804,1402,0.029411764705882353,0.10606147561665026
17.54026633543634,79.47628327110039,864,5,3,14,3.514663479709392,6438097.090976586,4320,2592,0.06666666666666667,0.2766509263209191
17.088027024786147,78.39237846157054,4758,5,3,13,9.155987645153603,26910489.45032248,23790,14274,0.07142857142857142,0.10803817359496973
16.597235647154502,79.22116199533203,3619,2,2,28,9.814239650093764,18803563.0278704,7238,7238,0.034482758620689655,0.10086502195763873
17.173210889727613,78.66181301066246,3058,4,1,33,6.685745140029363,16127973.01682574,12232,3058,0.029411764705882353,0.1473677509785864
17.103566712595267,79.93326837542764,2363,2,3,17,8.20552483714085,12996923.646111673,4726,7089,0.05555555555555555,0.12040178310323937
16.765611533442694,79.07038216409586,615,5,2,6,7.545546529366636,4372875.357769901,3075,1230,0.14285714285714285,0.1307950970096105
16.447624869859517,79.65078658959528,2884,5,2,28,7.055435724632134,16296403.049813196,14420,5768,0.034482758620689655,0.13975389319165615
17.17304515427064,79.19040777588127,4435,3,1,30,3.2079245152160794,24042680.137716632,13305,4435,0.03225806451612903,0.302304358941721
16.97640001117493,78.27814255913867,2990,3,4,24,0.7595245114978484,16656569.023860991,8970,11960,0.04,1.163433952869305
17.304013909256334,79.33967247606924,1442,1,2,37,3.5619069786925763,6446372.715715446,1442,2884,0.02631578947368421,0.2730817592633206
16.97621255144559,79.91252601597198,2224,5,4,13,6.735972654998285,13507566.253469573,11120,8896,0.07142857142857142,0.14628496198983856
17.407835950414103,79.2829012762634,2834,3,4,7,1.2047861426324535,16557414.606766274,8502,11336,0.125,0.7664091204881005
17.01747889040683,79.67453994696822,3267,2,3,26,0.3167962331867725,16991912.784176957,6534,9801,0.037037037037037035,2.399253928842215
17.029219362996002,79.79157163402714,1637,4,4,1,1.5689852515087988,10888763.27686882,6548,6548,0.5,0.599166469024204
17.43964968345585,78.61054358950808,3027,2,1,16,7.214212078825795,16339013.39021906,6054,3027,0.058823529411764705,0.1367201264090961
16.824527726076116,78.5816807118348,4617,4,3,36,9.73337827623315,25051721.7896462,18468,13851,0.02702702702702703,0.10169445046337297
16.474219796985835,79.29976577993179,3920,3,3,13,9.83403405622524,21860608.092291735,11760,11760,0.07142857142857142,0.1006640398392174
16.337417479207343,78.93985124565206,4406,1,3,24,5.0409956615738425,24050124.358205732,4406,13218,0.04,0.1945148500074525
17.281678432375706,79.7117503451601,4137,2,2,29,8.719652549725005,22813126.163082,8274,8274,0.03333333333333333,0.1133831513613515
17.106402416759504,79.82004162211642,3453,2,2,28,7.42089926636474,18155752.061534535,6906,6906,0.034482758620689655,0.13296282327197748
17.21530369852899,78.83615848274489,2867,2,4,19,5.110194322449114,16510653.983630477,5734,11468,0.05,0.19193142100119176
16.576853409961586,78.62636700615407,4721,4,3,20,5.813053222959851,26730168.613070194,18884,14163,0.047619047619047616,0.1691173683533053
16.4772829182628,79.60494592743895,776,3,3,21,1.5448260368453366,4690005.316613597,2328,2328,0.045454545454545456,0.6079670297035978
16.318908065368248,78.69465086398665,2499,2,1,34,9.389082314042602,12506536.121180085,4998,2499,0.02857142857142857,0.10538426866843917
16.755763826448575,79.68070577332462,1727,2,4,36,3.648911753171413,8982312.145100517,3454,6908,0.02702702702702703,0.26674407557180946
17.066892992911026,78.96272885656778,4252,1,1,15,4.572262713280262,23366570.63907758,4252,4252,0.0625,0.2140290607284642
16.809917258629653,79.40158981872464,4235,1,4,16,6.782270263779409,23081518.95511856,4235,16940,0.058823529411764705,0.14530089079222655
16.86871739863085,78.3719635649024,1195,3,4,15,3.472244220960229,7353191.875130559,3585,4780,0.0625,0.2799360676777013
17.475406302841876,79.32294678441784,1809,3,2,1,2.6917397776915197,11506906.567904463,5427,3618,0.5,0.35819957432669336
16.752732107130292,79.01318182172702,4652,5,2,3,6.3842840540481625,27471507.306707192,23260,9304,0.25,0.15421903045343863
16.968186335907756,79.25589523371586,3734,1,1,20,0.4448440063621246,19689103.118155874,3734,3734,0.047619047619047616,1.8353877225830415
17.318748916563486,78.50242557394076,4614,5,4,38,7.263106097861454,25540644.78421915,23070,18456,0.02564102564102564,0.13581224916621001
16.815505617017653,79.52637274089953,2811,4,3,33,5.2374290247897966,15697966.628730463,11244,8433,0.029411764705882353,0.1873561213377227
17.10871271029624,79.75303473957781,3341,5,2,29,6.136386559105158,18871118.771818697,16705,6682,0.03333333333333333,0.16034926483830525
17.42107282137077,78.59013164016339,4708,2,3,5,6.392425560619475,26976729.717357498,9416,14124,0.16666666666666666,0.1540256396724224
17.534376810754935,78.3722861999363,4059,5,1,16,5.365091533627125,23205658.478109512,20295,4059,0.058823529411764705,0.18297955191544804
16.49119552520775,78.2425494548834,3898,3,2,38,5.908831018919213,20856865.168925755,11694,7796,0.02564102564102564,0.16642172110539172
17.504563912709944,79.35554870079788,1041,4,2,24,6.9011243687207715,6055810.817360128,4164,2082,0.04,0.14283420024185595
16.939751181003402,79.2927692649598,3194,2,4,4,7.580564702360808,19051405.80569935,6388,12776,0.2,0.13019875995480198
16.635717704788647,79.18405534288533,1588,5,1,4,7.329033434603981,9924230.810305536,7940,1588,0.2,0.13460701298530459
16.89687648310974,78.61750477300876,3863,4,4,19,8.722241285776164,22092901.31673916,15452,15452,0.05,0.11334988101178667
17.57404234787112,78.90363079262993,524,4,2,15,2.056545645040547,3376095.7091786736,2096,1048,0.0625,0.4637045370682141
16.94040352219073,79.27005740333512,2072,2,1,36,4.131250101019616,9929112.217433186,4144,2072,0.02702702702702703,0.23633677426891575
16.72737709337376,79.09418034594651,3458,5,2,39,9.48840144694168,18829276.974143974,17290,6916,0.025,0.10429267125845679
17.123421110611744,79.9780139363868,4736,4,1,8,4.086587628986032,26728579.42949279,18944,4736,0.1111111111111111,0.23885801244824165
16.61218930441165,78.44559155460212,2267,4,2,4,1.4237267536780422,13815601.150288843,9068,4534,0.2,0.6562856480574051
16.398622326541265,79.45126019728566,2735,1,3,1,5.34936223834936,16244090.737198528,2735,8205,0.5,0.18350771269389962
16.467543638483846,78.92777378258772,700,4,3,8,1.2730115310337293,5686156.022436002,2800,2100,0.1111111111111111,0.7283260026571722
16.466459590645105,78.97075930686611,3698,1,4,35,2.1879617395330793,20301514.390118163,3698,14792,0.027777777777777776,0.4370702458530085
16.497473501565985,79.49167597818472,756,5,3,21,9.983523814395376,5449707.657159852,3780,2268,0.045454545454545456,0.09917168029814998
16.480475324444235,79.44638507238386,4247,5,2,21,5.505353856282094,24791771.611128595,21235,8494,0.045454545454545456,0.17840086917604125
17.13313716824418,79.98426078866395,2741,5,2,21,2.9837722125962047,15981864.595028862,13705,5482,0.045454545454545456,0.32427816682286903
16.53644410971889,78.43110972101742,3675,3,3,33,9.94879455482428,19542873.96133602,11025,11025,0.029411764705882353,0.09951442379921227
16.749367468321022,78.3873973688915,4106,5,4,28,9.672277401840404,22941075.294108346,20530,16424,0.034482758620689655,0.10233029199638469
17.465824932877815,79.50380987083173,3836,4,3,37,4.519242602625783,21353918.11716681,15344,11508,0.02631578947368421,0.21648570686275614
16.916150132341734,79.24109645061154,913,2,1,32,2.7519504661215026,4168189.1891900883,1826,913,0.030303030303030304,0.3506372259543293
17.167825060077337,78.69348919980766,2514,1,1,17,8.416316453303462,13304431.543421218,2514,2514,0.05555555555555555,0.11742165823489356
16.52401583256212,78.34295486418017,1881,3,1,6,7.213083026323501,10800451.597955769,5643,1881,0.14285714285714285,0.13674123436045948
16.549975724451272,78.35418484927358,1598,5,3,0,6.932026063034402,10586947.166529356,7990,4794,1.0,0.14220652640307313
16.353129201146423,79.80954357439542,3926,5,3,32,8.952514664960232,21984314.920309074,19630,11778,0.030303030303030304,0.11046654294532349
16.519615581993815,78.54536118449374,4155,2,3,0,6.956287911938982,23562025.755164314,8310,12465,1.0,0.14171757338699809
16.66216744074155,78.78206881180795,1409,2,1,23,2.981219841807182,7402111.043697249,2818,1409,0.041666666666666664,0.3245467870976337
16.53011362955977,78.60798152400858,687,3,4,3,6.9998589863821765,5606827.583880984,2061,2748,0.25,0.1408478678123103
16.41531329388417,78.83899335049749,4544,1,2,3,3.196972410579907,24821984.937237855,4544,9088,0.25,0.30330857388767446
16.456826632430783,78.32496291694297,4256,5,3,17,7.640542000638552,24004592.886560902,21280,12768,0.05555555555555555,0.12918991976498617
16.899012398442544,79.13430762363488,2515,3,4,26,6.273528974017347,14278344.764100485,7545,10060,0.037037037037037035,0.15689894940097565
16.568233833927533,78.32170261446599,2592,4,2,31,0.9586332094505559,14691224.531861994,10368,5184,0.03125,0.9446142356699849
16.773550819362498,79.64064171408025,4144,4,2,32,5.225786551864393,22514387.517161485,16576,8288,0.030303030303030304,0.1877656924966193
16.954442452111316,78.62068174743878,2630,3,2,27,3.5643494981182617,13726419.078033682,7890,5260,0.03571428571428571,0.27289973309410737
17.197513277218174,79.17202144628813,857,5,4,35,3.419992200776484,5607577.4471628135,4285,3428,0.027777777777777776,0.28409153854926367
16.35110578179343,79.78414235761062,2922,3,4,5,6.102111763297121,17125127.660343215,8766,11688,0.16666666666666666,0.1612354046758402
17.339233518581757,79.37157926428495,4757,5,1,15,3.3587832798003645,26921156.515126705,23785,4757,0.0625,0.2891190106764129
17.116270506338182,79.15932401579241,1997,2,4,33,7.813558732407753,10633874.49338574,3994,7988,0.029411764705882353,0.12636539814948
16.406286741533535,78.78380075560767,2658,3,4,22,0.8937560729095095,14996726.086604035,7974,10632,0.043478260869565216,1.0062831586751562
17.435652211338812,78.79940344350476,3055,5,4,23,6.67180487347909,17522865.960015863,15275,12220,0.041666666666666664,0.1476711185102767
17.49713412069136,79.40507651935674,2842,3,2,12,8.130109075836064,15870407.215334872,8526,5684,0.07692307692307693,0.12150507250700247
16.379401347811324,79.9894508501981,3451,3,3,17,6.793750561220215,20018034.8042478,10353,10353,0.05555555555555555,0.1450589183811427
16.659940942591366,79.39131054172888,1738,5,1,12,5.072846111195958,10880062.923747685,8690,1738,0.07692307692307693,0.19331717559423023
17.34806166373098,79.20401015126605,1473,5,3,36,9.513008734614576,8336029.98381979,7365,4419,0.02702702702702703,0.104025703877621
17.272737597498757,79.51517091843064,4465,1,3,38,3.1393972000210235,22823085.102279104,4465,13395,0.02564102564102564,0.3086994086410614
16.539877325163292,79.0373701021107,1550,3,4,16,0.38784529774478227,9588761.436073055,4650,6200,0.058823529411764705,2.0498301503013625
16.572154120337725,78.30825621668141,4201,4,1,14,4.43349584034172,23851922.666514296,16804,4201,0.06666666666666667,0.22058032812149295
16.7816137336288,79.21213426858024,3280,3,3,17,0.5235169718232071,18293472.13364887,9840,9840,0.05555555555555555,1.6038055821895758
16.929879880748327,79.92372551210968,2088,3,3,22,9.548580174758806,11722898.53567318,6264,6264,0.043478260869565216,0.10364219210366855
17.103731202989387,78.51554529624379,4378,5,1,29,2.257196848330905,24588017.827669334,21890,4378,0.03333333333333333,0.4242327070427252
16.779587731440706,79.4420088034772,2868,3,4,33,7.931484834699019,15796522.654710656,8604,11472,0.029411764705882353,0.12450997799057352
16.901295130973093,78.5616806395863,936,3,3,3,7.790806415108777,6099179.019112213,2808,2808,0.25,0.1267297595953271
17.271712219573885,79.16448983205154,3328,4,2,2,2.3337432168927488,19749635.812502872,13312,6656,0.3333333333333333,0.4108896916728699
16.347688163757777,78.3740176093641,2056,5,3,6,6.28801999870564,13169906.57939272,10280,6168,0.14285714285714285,0.1565430290140956
16.628168027647227,79.01066768526474,4358,3,2,17,0.6711738911672122,24420056.262986116,13074,8716,0.05555555555555555,1.296724398289013
17.22735446164992,79.56109399201145,1804,2,4,6,4.9390309398979015,11274809.69323462,3608,7216,0.14285714285714285,0.19845085531867396
17.46376888899336,78.82562874363018,2884,1,3,39,0.34354184727037007,14922115.920870274,2884,8652,0.025,2.2545786968110573
16.965180674750368,79.396841104077,682,4,1,5,9.22721002577225,4896196.5489420425,2728,682,0.16666666666666666,0.10721319636170674
16.99174753084491,79.63180992942151,2089,3,1,21,9.765643037155803,11541779.118168633,6267,2089,0.045454545454545456,0.10136186726337235
16.43932361474171,79.86892007506302,2087,2,3,0,2.3783711130581358,12299035.911181789,4174,6261,1.0,0.4034908229567243
16.881636076870493,78.62235574733982,1159,3,4,3,2.2394391390444537,7883509.832130892,3477,4636,0.25,0.42745288103902157
16.99240244639153,78.91876864845676,659,3,4,28,7.586457730308871,3635132.214686589,1977,2636,0.034482758620689655,0.13009893960085775
16.61521165472515,78.47434882399476,4453,5,1,20,2.683118108527478,25437575.845728938,22265,4453,0.047619047619047616,0.359309221170312
16.650016200234194,79.98647030388507,1511,5,3,25,8.97175027978608,9075176.157016555,7555,4533,0.038461538461538464,0.11023231120329967
16.79046941203601,79.86860174226373,552,5,4,13,5.824505534005227,4483923.623018192,2760,2208,0.07142857142857142,0.1687904575766268
16.326092557111046,79.17192283450501,2807,2,1,8,3.6376207055010594,15363004.061329674,5614,2807,0.1111111111111111,0.26754988769411303
16.71870291525813,79.71565992987756,1728,3,2,11,8.360398714224317,9565917.53250823,5184,3456,0.08333333333333333,0.11819773911112699
16.57488240909551,79.13772435908967,1535,1,3,5,5.035385664051273,9059718.144382205,1535,4605,0.16666666666666666,0.19472734190154403
16.72574655783129,79.32245423840497,4202,4,2,19,9.134002554343061,23317486.132971387,16808,8404,0.05,0.10829539997578477
16.455690771365028,78.36042397780884,4545,5,2,23,9.294539519947934,25714974.45243047,22725,9090,0.041666666666666664,0.10644481274219411
17.457685464961866,79.55948675689426,4949,5,4,26,1.8211174908584116,27681029.983205672,24745,19796,0.037037037037037035,0.5205303708692854
17.071670189620264,78.42988427054343,1764,3,4,37,0.2227693800929167,10024316.124960344,5292,7056,0.02631578947368421,3.0981873178680295
17.182833014887837,79.68692173445456,2384,3,4,7,9.842523213395541,14415096.146644613,7152,9536,0.125,0.10057809054473235
17.32592261018954,79.60765055780669,2309,2,3,0,9.080147854049297,13702251.830642086,4618,6927,1.0,0.1089307074241628
16.947974858607775,79.47574045593736,3667,2,2,23,0.743363309897646,20504833.59817338,7334,7334,0.041666666666666664,1.1857286038698602
16.41299637451365,78.26508868494457,4297,5,3,6,8.363735786622485,25508931.98560078,21485,12891,0.14285714285714285,0.11815113623709388
16.998238504364114,78.7456310407016,2841,3,4,18,4.686488339080225,16165836.819937881,8523,11364,0.05263157894736842,0.20892143240699104
17.062893453427144,78.67360262583952,3914,1,2,21,2.7378237292447576,21131827.29970238,3914,7828,0.045454545454545456,0.35238270428661694
17.26907131643963,78.84824553344873,1317,4,3,34,8.811715932033913,6533924.811754729,5268,3951,0.02857142857142857,0.11221183525446721
16.861157410098585,78.35775694417491,2937,3,3,29,2.1273388774250113,16469573.621229028,8811,8811,0.03333333333333333,0.4489662575081898
16.465854393634235,79.88652408145592,1388,3,1,28,9.483539994316656,7008125.996744567,4164,1388,0.034482758620689655,0.1043455759138097
16.668908677538344,79.19684403328228,1167,2,3,21,2.215090579453543,5919955.281941966,2334,3501,0.045454545454545456,0.4319485418302904
16.772006985318228,78.74994375918445,3124,4,4,10,6.214095239741687,18172096.04818376,12496,12496,0.09090909090909091,0.15837581823376337
17.139692413731083,78.91456673073371,4732,5,3,19,2.386246078383954,27377617.462575223,23660,14196,0.05,0.4022128013370239
17.042011796069588,79.0049645729087,1318,3,2,28,5.547552916692621,7494451.99159353,3954,2636,0.034482758620689655,0.17706784066498496
16.7629257436672,79.28106980004911,2688,5,3,33,6.902956273168385,15067553.748846216,13440,8064,0.029411764705882353,0.1427968362206501
17.582469823430873,79.1282229698537,1606,3,1,0,2.0642337220373483,9586778.754351197,4818,1606,1.0,0.4620573045403933
17.087507265163953,79.85490555178595,2724,5,2,30,5.304680670466657,14823158.076334603,13620,5448,0.03225806451612903,0.18502480737935198
16.608394829256795,79.0945342692305,697,4,2,29,4.796785495023166,4287964.748066753,2788,1394,0.03333333333333333,0.20421560246336035
16.432317214406524,79.98588442668196,3171,2,1,17,0.8961667297527443,17502936.165290352,6342,3171,0.05555555555555555,1.0038480207507103
16.498716880939632,79.73256492394117,3992,4,4,16,8.219416613217968,22851472.698476125,15968,15968,0.058823529411764705,0.12020073600006888
16.61974504689986,78.5753189258432,2948,1,2,37,3.489687526299849,14806276.276019841,2948,5896,0.02631578947368421,0.2785757792770259
16.508885785237425,79.87507138635905,970,2,4,13,5.83090553600842,6140776.252919879,1940,3880,0.07142857142857142,0.16860831687988975
16.5425371312667,78.40945951619386,2448,4,2,22,5.244885502344718,14026173.410662789,9792,4896,0.043478260869565216,0.18709474684936014
16.670623719302004,79.67140947528415,4399,1,2,24,5.229952944790335,23294775.85234346,4399,8798,0.04,0.18761891715712647
16.525385673883182,78.88512192825785,2510,3,4,14,1.250779463243177,14431018.766148638,7530,10040,0.06666666666666667,0.7403132985150905
17.465795052014354,79.78035377680112,4300,3,2,21,4.3501236906434615,23463676.099019866,12900,8600,0.045454545454545456,0.22471285508367655
16.404303869360135,79.7625020421934,4618,5,4,2,4.633194240224388,27342702.769852083,23090,18472,0.3333333333333333,0.21127381409823415
16.981864806441333,79.65066572021172,4296,2,1,18,7.389699835571596,23136321.868035883,8592,4296,0.05263157894736842,0.1335166991940849
16.83351587508656,79.62205478535272,4488,3,4,33,8.432184552822845,25008622.991630297,13464,17952,0.029411764705882353,0.11720327822364712
17.57709220198119,78.74842245037648,734,2,1,34,5.540826325380177,2847345.155187664,1468,734,0.02857142857142857,0.17727899111175038
16.44565057281847,78.34565470949225,1428,3,2,0,1.0504729498369068,8752838.241869157,4284,2856,1.0,0.8692077463809661
16.817212278759467,78.9253643217773,4107,5,4,20,2.521124811846154,23467422.64743399,20535,16428,0.047619047619047616,0.38151559799079676
17.56031156325798,78.51234412697572,1022,4,2,28,1.8163534631567646,5720399.683108602,4088,2044,0.034482758620689655,0.5218244020352713
17.425159263662177,79.45091196002443,4023,5,4,5,1.4212276192534226,23594332.07262501,20115,16092,0.16666666666666666,0.6573638207349751
17.362193692234065,78.82297950776801,2129,1,1,36,3.7858131264545145,10296818.457679918,2129,2129,0.02702702702702703,0.2573463950677468
16.635273675158423,79.95609836154784,1816,3,1,0,2.4480563211129445,10625935.741827706,5448,1816,1.0,0.39245600331283814
16.522153863607087,79.3537497392216,3357,1,4,0,2.3393704957528207,19852598.84762869,3357,13428,1.0,0.4099418279187587
17.169236185901763,79.68046501454185,1624,1,1,26,0.7359931108474231,8148568.877001397,1624,1624,0.037037037037037035,1.1961821060777973
17.508188785865862,78.43854441093534,3087,2,2,20,0.37316643899525204,17605477.91948485,6174,6174,0.047619047619047616,2.1134212352918684
17.023791760918108,79.75162606809072,1523,3,2,15,1.2071287779678617,8827861.606700141,4569,3046,0.0625,0.7650355625668789
17.04309649631087,79.8609629429241,1878,1,3,39,1.887535298351604,8292288.467350135,1878,5634,0.025,0.5031357183086845
16.66397282175837,79.07671145387408,3874,4,1,25,4.423640542712391,21783713.34653905,15496,3874,0.038461538461538464,0.22106088902466076
17.300340813149518,79.29125528795176,2019,1,2,15,5.203098560728678,11074999.483524904,2019,4038,0.0625,0.18856900141463595
16.543156873124783,79.57665764162539,726,4,4,27,1.5778007980989828,4800627.3437357275,2904,2904,0.03571428571428571,0.5960183122651038
16.72078300732552,78.51470952906874,1391,2,1,0,4.362876746937026,8040653.004403359,2782,1391,1.0,0.22407071866511277
16.853067370201344,79.1046189376342,4572,1,2,35,3.549138654794088,23994417.116951533,4572,9144,0.027777777777777776,0.2740372714219125
16.959893492289794,78.91759344999016,2757,5,1,9,1.9975517062799693,16419499.469883699,13785,2757,0.1,0.47674629283561776
16.615132652139604,78.46347318589206,3288,2,4,16,0.26703933185396284,18605977.831421822,6576,13152,0.058823529411764705,2.724503651826281
16.449287872160966,78.86156196012476,896,4,2,22,4.776775091913069,4788271.775126131,3584,1792,0.043478260869565216,0.20505354074217078
17.093806055174124,78.32271015689389,2578,2,3,6,6.919387142798954,15736622.935907742,5156,7734,0.14285714285714285,0.14246257966065878
16.675219719212333,78.24646143250908,4924,1,3,6,2.417517874609309,27872310.824483234,4924,14772,0.14285714285714285,0.39721664345886276
17.055609687849397,78.44329932047869,3737,3,1,14,1.4917069329874577,21042382.540781435,11211,3737,0.06666666666666667,0.6282563575463673
16.500671529856465,79.93360720086051,4393,3,4,33,8.893018895580227,24383340.21391469,13179,17572,0.029411764705882353,0.11119736449030115
16.925482132411265,79.18915316461103,2505,4,2,3,2.8952427703804187,15348376.594052142,10020,5010,0.25,0.3338627539272859
16.992366262317063,79.9384798900758,2516,4,4,13,2.391403673968115,14925054.044126887,10064,10064,0.07142857142857142,0.4013801578799462
16.367370597869154,78.97849618099424,3671,3,2,13,8.599550008177175,21000446.07714088,11013,7342,0.07142857142857142,0.11494847423832799
16.737585561652097,78.76126903955347,3168,4,1,15,8.20764957183426,18124473.56267755,12672,3168,0.0625,0.12037098957451672
16.47473908002067,79.11105535311243,2378,2,2,6,4.59379541114141,13472369.369527247,4756,4756,0.14285714285714285,0.21304720645180952
16.3823874616146,78.99112103953924,1696,5,4,31,4.99454084199219,10190140.879435709,8480,6784,0.03125,0.19628854317103794
17.58694830210693,78.39019643167114,2272,5,4,18,2.3339373073734158,13765480.55766284,11360,9088,0.05263157894736842,0.4108569259243371
16.71905999846714,79.35348736644237,661,2,1,1,0.9673563706996635,4423859.5506720925,1322,661,0.5,0.9368942065193177
17.352836779611028,78.58886872851728,4476,5,4,9,5.819631888485479,26502404.342861827,22380,17904,0.1,0.16892942311922154
16.631032851192895,79.31525831881609,2251,1,2,16,1.1637802315840888,12661954.804601885,2251,4502,0.058823529411764705,0.7912768177632808
17.18595353889111,79.37036196631668,1275,2,1,36,4.602890560175169,5703628.940457504,2550,1275,0.02702702702702703,0.2126351840861789
17.288296217856594,78.47364473563157,1439,4,2,11,9.416872545427506,8838566.840559991,5756,2878,0.08333333333333333,0.1050765359341144
17.0743303627902,78.3104293287992,3720,2,4,5,9.537777013871727,21976273.442522567,7440,14880,0.16666666666666666,0.10375836653625543
16.91304904511521,79.6053708549232,1039,3,1,21,2.5454564081641147,5648049.340987811,3117,1039,0.045454545454545456,0.3780066066913485
16.83539318839145,79.02764076278478,1961,4,2,31,6.3163115164474135,10736559.245398689,7844,3922,0.03125,0.15585278199735547
16.753528746505896,78.30469483190986,855,3,4,19,4.845947388257005,5935620.457636971,2565,3420,0.05,0.2021857333893737
17.508387887522176,79.99075937090558,4104,4,4,0,8.781714250343839,24543700.385326136,16416,16416,1.0,0.11259087737046786
17.37980523012405,78.30400500979346,3823,5,3,5,2.860022469905322,22362805.354504034,19115,11469,0.16666666666666666,0.3378352732680389
17.554534983866468,79.4510634119454,734,2,4,18,0.23628358695768514,4292449.614679748,1468,2936,0.05263157894736842,2.97368066353423
16.46158639053121,79.97062206547415,2048,1,2,17,1.7930998181278681,11276046.268856436,2048,4096,0.05555555555555555,0.528234164107059
17.250127717764737,78.63052418758866,2596,4,1,5,3.625323451460101,15464268.386080641,10384,2596,0.16666666666666666,0.2684330670959754
17.519842593867352,78.45604886363695,4713,4,3,32,3.294067071750789,26087922.283227876,18852,14139,0.030303030303030304,0.29463177328554147
16.53560298601536,78.41849289096038,2601,3,4,22,7.9553566074042825,15354983.339764832,7803,10404,0.043478260869565216,0.12414099694615939
16.38644514757681,78.74589526562167,2173,5,4,22,6.869494528160611,12794516.489948466,10865,8692,0.043478260869565216,0.14348242845438033
17.263456844077076,78.38188245981917,2600,3,4,25,3.1356519322259935,14649284.55466474,7800,10400,0.038461538461538464,0.3090567282717711
17.046815047133887,79.44589041504943,4157,3,2,12,4.685889408228892,22857419.70196281,12471,8314,0.07692307692307693,0.20894757791113874
17.394377409785754,78.31212523663412,4096,5,3,6,1.1364792187916852,24647785.986170497,20480,12288,0.14285714285714285,0.8087479229753832
16.481704089614176,79.11695983066963,4248,1,2,14,9.001835159236988,22899298.430700302,4248,8496,0.06666666666666667,0.10986795327590075
17.333847505417857,79.99405433693536,3673,3,3,26,9.367163279595635,20484461.948650386,11019,11019,0.037037037037037035,0.10562826165207033
16.562115516062068,79.66514648511084,2315,3,1,25,9.802074646733194,12623057.17326286,6945,2315,0.038461538461538464,0.10098893774042708
16.512752725725417,79.30739498881582,4341,4,2,32,8.711817741701209,24362434.334093805,17364,8682,0.030303030303030304,0.11348396316319408
16.513545537310293,78.7512565174159,2505,5,2,14,1.9048166994230102,15124662.255473787,12525,5010,0.06666666666666667,0.4987987182508016
17.3589471363008,79.32301250532495,4993,2,1,35,0.6527255353759627,26388355.87431957,9986,4993,0.027777777777777776,1.3285054817497743
17.16475638690506,79.14867463504098,1174,1,3,26,5.880047928644205,6046085.689783023,1174,3522,0.037037037037037035,0.16722274000682127
16.979985052199858,78.96695009100267,886,1,4,4,9.143529263454482,5316635.914065061,886,3544,0.2,0.10818378689551322
16.766479629360553,78.43527867813236,2658,5,1,1,1.93804334426548,16316296.969646037,13290,2658,0.5,0.490666698926565
17.440360703057042,79.79588758743284,3161,4,4,32,0.26902056331659024,17718503.73425437,12644,12644,0.030303030303030304,2.709876086612766
16.810178639649425,79.00961236787838,2564,4,4,15,8.093861251115994,15128551.933820538,10256,10256,0.0625,0.1220425839971114
17.36157927131305,78.55032052127738,4351,5,1,22,0.9525977060099933,24237175.11097148,21755,4351,0.043478260869565216,0.950030571309744
16.870875381141285,78.86196683157912,3753,4,3,37,4.254319112718298,20575275.840110876,15012,11259,0.02631578947368421,0.22965703112552166
16.790027758252382,78.94543355455207,4766,1,4,15,6.853095904450094,26638941.610094566,4766,19064,0.0625,0.1438208265414524
16.90148372137049,79.68956821202038,1239,1,1,13,2.5206163374705657,6105855.553161718,1239,1239,0.07142857142857142,0.3815896229072608
16.691791236413387,79.52050588501052,1901,2,2,28,1.0228331217779218,9823351.375976011,3802,3802,0.034482758620689655,0.8906042942664312
17.271892194229128,79.58474880855441,3759,5,2,25,7.746208038867121,21181258.949782405,18795,7518,0.038461538461538464,0.12745010010522045
16.953536507120223,78.21985627597157,2777,3,2,34,6.3757158318930065,14009912.11183865,8331,5554,0.02857142857142857,0.1544230824760691
16.601876503690864,78.94907719672358,4404,3,1,14,9.887206747970687,24896899.16141461,13212,4404,0.06666666666666667,0.10012809639724253
17.46944694525694,79.06641947294358,4423,2,2,2,3.5742187265356016,24923811.287470695,8846,8846,0.3333333333333333,0.27216670384315794
16.799058587785176,78.2345460982815,4714,2,4,22,0.8052713856439571,25925441.959731374,9428,18856,0.043478260869565216,1.1046411229364757
17.006618719448188,78.66766377574106,3727,4,2,28,7.396630346285899,20451381.558465816,14908,7454,0.034482758620689655,0.13339326521487566
17.478413744253913,79.56852168161984,3331,2,2,33,5.312987504761808,17578887.164020423,6662,6662,0.029411764705882353,0.18474086613359064
17.11150939468819,78.4467974703122,4258,2,4,32,2.289398527613524,22934823.16742396,8516,17032,0.030303030303030304,0.418515366291272
16.451967452920876,79.16355823661466,3012,3,2,22,7.860944092246643,16863600.49749051,9036,6024,0.043478260869565216,0.12561324240097657
17.521781760697518,78.58736336963103,2651,4,4,6,2.196803761329449,16345491.867799131,10604,10604,0.14285714285714285,0.4353876534150111
17.116020468992843,78.22181739435901,4175,2,2,2,2.7544842173627786,23542465.326484323,8350,8350,0.3333333333333333,0.35032598671149323
16.735377299054214,78.63416262367917,3245,2,4,31,1.1067798327938476,17513108.96910344,6490,12980,0.03125,0.828651567440329
16.481053694462403,79.95657275883809,4366,4,2,30,4.114436334502374,23555108.182720345,17464,8732,0.03225806451612903,0.23727965512571367
17.332232746051385,79.64276680138939,4264,5,4,17,4.305506394586706,24418360.07147488,21320,17056,0.05555555555555555,0.22698866155971456
17.10609458270707,79.92723795977786,2722,4,1,6,5.242705545413325,16056211.859828375,10888,2722,0.14285714285714285,0.18717108616597689
16.99349941956922,79.07813727906745,3292,3,4,0,7.14784981781302,19379244.387733724,9876,13168,1.0,0.13797195377066215
17.462060357966248,78.39752515761951,2197,5,2,13,9.079789101068172,13647790.608388023,10985,4394,0.07142857142857142,0.10893496451717379
17.32517637459189,79.18632708015265,3962,1,2,31,1.5497941691005246,20923532.10586523,3962,7924,0.03125,0.6061362191292048
16.497177343652577,79.01787920220794,4563,4,3,5,0.7326113638168392,26222337.68837338,18252,13689,0.16666666666666666,1.2010405375874542
16.705238688134212,79.71984274893131,2024,3,4,38,0.3816060892244662,10579455.66194912,6072,8096,0.02564102564102564,2.0763857068549676
16.623035881758806,78.37654864541165,532,5,1,9,1.6074895050743994,4451703.670777569,2660,532,0.1,0.585655136988047
17.26713018034448,79.0788340466392,4525,4,4,6,6.647904960659935,26398348.29520078,18100,18100,0.14285714285714285,0.14819414408323284
16.343592165156515,78.47008759644918,3066,2,4,25,7.329275364365667,17127366.563858148,6132,12264,0.038461538461538464,0.13460262959110048
17.040856590332712,78.78441666840212,3303,4,1,33,7.907755992575598,17608859.706162192,13212,3303,0.029411764705882353,0.12487892999326546
17.2911962914629,79.52724273929805,4396,1,4,29,2.5883404766625584,23595221.860332385,4396,17584,0.03333333333333333,0.37197669293788654
17.439795327790275,79.05683263286379,4209,4,1,35,3.1977691699628954,23055389.982061245,16836,4209,0.027777777777777776,0.30323529284836254
16.74470627333068,78.87659891326238,1219,5,1,20,4.934719526541895,7023558.798727875,6095,1219,0.047619047619047616,0.19862079600029908
17.367634496073617,78.91005730142606,1472,5,4,16,0.8191943492302196,9722236.381280353,7360,5888,0.058823529411764705,1.087909211841273
16.44382125804177,79.02700418313077,4218,4,4,32,6.189186927470213,23380735.243692834,16872,16872,0.030303030303030304,0.15900306534572092
17.400387979254877,79.61302977890671,4902,5,2,9,9.840603330022427,28428601.940762173,24510,9804,0.1,0.10059751574432294
16.46573526103158,79.80575244009242,2707,2,2,11,3.7359018515044258,15790647.649973128,5414,5414,0.08333333333333333,0.2606948870727242
16.81647347772848,79.91960243570708,4926,4,3,15,7.577905255895564,27835899.063642308,19704,14778,0.0625,0.13024385775431901
17.33648397551342,79.61642609525953,4820,2,3,31,5.100332372582159,25868349.04904651,9640,14460,0.03125,0.19229540120787758
16.494892655553407,78.76773241234642,3530,2,4,14,1.4525560747317507,20278428.61484291,7060,14120,0.06666666666666667,0.6440991190432713
16.598026813802434,79.43864247095577,4075,3,1,26,5.905926998265347,21740250.746482443,12225,4075,0.037037037037037035,0.16650219030115146
17.238928338910988,78.98768562329971,3616,4,3,27,3.1387678307518367,20744470.441586215,14464,10848,0.03571428571428571,0.30875939624479454
17.236047497509897,78.65840711968289,3785,5,4,16,0.5371514428438907,22737877.978945848,18925,15140,0.058823529411764705,1.5694855771440375
17.13349192275089,79.71356884296667,1143,2,3,1,6.42231135515389,6976206.324373024,2286,3429,0.5,0.1533198808747157
17.20213297780723,78.26916742813219,694,3,1,35,8.617537023382331,2476624.12859337,2082,694,0.027777777777777776,0.1147112994550849
17.005541776351876,79.82317158584377,4496,4,4,6,3.578743715618767,25990358.261252668,17984,17984,0.14285714285714285,0.27183192886047497
16.62733877657904,79.03065943632453,988,4,1,12,4.024896362685151,5789766.698945136,3952,988,0.07692307692307693,0.24243033329182553
16.749404791555097,79.34696265825491,2704,1,4,14,8.932012493078673,15289227.856979525,2704,10816,0.06666666666666667,0.11071729592561022
16.536077031841856,79.3868370599704,3157,1,3,24,8.173366371000089,17323916.935458817,3157,9471,0.04,0.12086978324871639
17.480985729733717,79.81121193327176,3776,2,2,22,7.206537670807417,20724874.422015462,7552,7552,0.043478260869565216,0.13686373013519193
17.058409333195957,79.34600542790098,1602,1,3,21,2.63821122478085,8524187.054395542,1602,4806,0.045454545454545456,0.36520192122141126
16.821106841792734,79.3050804525681,1741,2,3,25,9.120123218673116,9400246.459606297,3482,5223,0.038461538461538464,0.1084584203793224
16.900607544737372,78.31997367300924,1015,5,2,32,1.7132744238842874,5578734.729561382,5075,2030,0.030303030303030304,0.5514885043477644
17.531468341495362,79.13313443950136,892,2,2,10,6.3423510902887745,5576603.636412051,1784,1784,0.09090909090909091,0.15522283495343867
16.499356824050906,78.47030420147068,1130,1,4,9,0.4822515693558833,6982552.392760863,1130,4520,0.1,1.7174706821421737
17.062098781621838,79.52738078369867,4216,5,4,24,6.50845410198447,24357247.982055325,21080,16864,0.04,0.15132132032205647
16.95765528254981,79.12199945746282,2347,1,1,36,2.9160146483589267,11317338.923233096,2347,2347,0.02702702702702703,0.3315633763728965
17.094890506065042,79.42441000257503,3155,2,1,37,4.606834376400457,16136749.984529395,6310,3155,0.02631578947368421,0.21245701888596052
16.323543238967094,78.2750112210843,1479,3,3,23,3.583592610159121,8612432.126740383,4437,4437,0.041666666666666664,0.2714741030921991
17.4337610816274,78.35262562888245,3902,4,2,39,1.893016211212857,21496728.464576762,15608,7804,0.025,0.5017520652235169
17.511753767228697,79.48938209851283,4371,1,1,32,6.295411742919967,22600684.778592426,4371,4371,0.030303030303030304,0.15636209836013276
17.034673138665973,78.32975180479761,777,2,3,16,8.843360440377953,4686551.561141796,1554,2331,0.058823529411764705,0.11181479340641885
17.20564607103996,78.32826210997747,732,5,2,23,9.599025574367554,4322402.821657726,3660,1464,0.041666666666666664,0.10310314086012783
17.499249195530485,78.2217952554228,2052,1,4,36,2.084994358908368,11169033.272875274,2052,8208,0.02702702702702703,0.45766708546543067
17.21941022460742,79.92170251693906,3770,1,3,1,7.23025318581714,21279796.257872812,3770,11310,0.5,0.1364209359009371
16.49830075578854,79.52751504702621,2909,4,4,31,6.7105257927356865,16474788.407397242,11636,11636,0.03125,0.14683154141588164
17.04917486821686,78.83585253530372,4012,2,1,23,3.5651023378308113,21676555.326124318,8024,4012,0.041666666666666664,0.2728436774269854
17.088729560297715,78.73376404631779,525,3,1,8,0.38717215366651325,4359411.632566485,1575,525,0.1111111111111111,2.052662477676291
16.851369872693102,78.82946581354253,960,5,2,3,6.959954223666089,6924971.626815717,4800,1920,0.25,0.14164397789547148
17.257377506312142,79.59437635612613,4264,2,3,16,9.465849633483101,23460836.952265885,8528,12792,0.058823529411764705,0.10453854475191889
17.51467711919972,79.39046709992675,3931,5,4,16,6.3947771947733845,23152482.523914583,19655,15724,0.058823529411764705,0.15396986994484452
17.50323906677881,78.53335202216144,3983,1,2,29,4.465868697038815,21230025.54260664,3983,7966,0.03333333333333333,0.21901637264526425
16.88609118282537,78.51339680360135,2494,4,1,39,5.346508162293959,12986096.336814968,9976,2494,0.025,0.1836038742993126
16.447209459592983,78.37711216948412,990,4,1,10,2.156362315067192,5962661.182854887,3960,990,0.09090909090909091,0.4431912345470196
17.580293558651036,79.38854489546242,1572,3,3,20,7.555332804786628,8798717.021463227,4716,4716,0.047619047619047616,0.13062789371805403
17.390567512379715,79.57587079199912,3673,4,4,20,7.514914334096521,21278076.826091066,14692,14692,0.047619047619047616,0.1313212409392976
16.46206148556425,78.677083570985,715,1,3,17,1.6260695437967645,3417613.577534892,715,2145,0.05555555555555555,0.5793509326399102
17.497094447402585,78.23770092985565,2223,3,4,28,8.804188148496658,12231981.52647187,6669,8892,0.034482758620689655,0.11230670144462697
17.43086527068077,78.34790900145757,2092,2,4,23,2.838059446838392,11983507.690374075,4184,8368,0.041666666666666664,0.34036071022187353
16.974489474263894,79.94214806272106,3106,4,3,9,9.826109397178826,18159298.399370514,12424,9318,0.1,0.10074440649266042
17.06865806646841,78.73180059945936,658,3,2,16,3.9524495375650095,4672301.803426698,1974,1316,0.058823529411764705,0.246764331234799
16.81870351503117,79.58460166610864,3813,1,3,17,1.9432637755980966,20449523.33352045,3813,11439,0.05555555555555555,0.48941307135310214
16.37119013046864,79.32439442393768,3341,5,3,19,3.646857091187393,19145918.212044485,16705,10023,0.05,0.26689034987536614
16.735756414139672,78.88749135137522,2276,5,1,36,4.513767221232493,11610765.67879335,11380,2276,0.02702702702702703,0.21674262095365665
17.343709483177417,78.57023707195201,2552,1,1,17,0.8792161757752894,14262126.765629208,2552,2552,0.05555555555555555,1.0212249600638543
16.306021629905985,78.41849555268693,2795,1,3,16,5.866540135988238,15042340.351374805,2795,8385,0.058823529411764705,0.1676013195601122
16.733548923198487,79.30702334246996,2196,5,3,8,6.056797910715224,13030503.65871362,10980,6588,0.1111111111111111,0.162422092539307
16.817619301668227,79.59434080514802,3493,3,1,13,7.4415184624248285,19291886.244111747,10479,3493,0.07142857142857142,0.13259929084340788
16.9986142838193,79.35902765637404,2969,5,4,28,0.4858649444492843,16799510.643932227,14845,11876,0.034482758620689655,1.7068780261976668
17.49581230133659,79.15454383984849,2446,1,3,30,5.504134501451536,12533961.170372091,2446,7338,0.03225806451612903,0.1784396858678157
16.75024979267575,78.27551220217694,4309,4,2,3,0.7184928460525111,25143906.45413216,17236,8618,0.25,1.22175777689796
16.751039162465098,79.9432797996699,3283,2,2,17,7.071213355673204,18271195.9973223,6566,6566,0.05555555555555555,0.13944641588565931
17.258751622542675,79.63768554497824,4144,4,2,19,0.7461342598696479,23370945.961469978,16576,8288,0.05,1.1818455385012494
16.88788332315675,78.72707966606174,3000,4,3,8,9.134932913748,17679213.886956703,12000,9000,0.1111111111111111,0.10828448991884984
16.591986269821977,79.96394659284593,4145,1,4,12,7.080409155468067,22946011.20419226,4145,16580,0.07692307692307693,0.13926782977798335
16.888171370972504,79.28338686134538,3145,5,4,14,5.17241969783454,18314680.03937924,15725,12580,0.06666666666666667,0.18966623624646473
16.483114126493742,79.24836078477304,2849,3,1,26,4.526738448155515,14802369.46590634,8547,2849,0.037037037037037035,0.21613497525425449
16.529303082458092,79.54653172297316,2432,4,3,14,1.4805917780499713,14329639.471447842,9728,7296,0.06666666666666667,0.6326744285825232
16.947878104561326,79.66118561856224,3794,5,4,27,3.0517940177336986,21766097.083119623,18970,15176,0.03571428571428571,0.3172796173777407
16.844603084355914,79.3816614931967,2257,3,3,36,8.715799229204784,11764020.662902005,6771,6771,0.02702702702702703,0.1134327102966708
17.48929967138853,78.43057234345916,1616,4,1,18,9.06363755331244,8618610.963308787,6464,1616,0.05263157894736842,0.10912696995949207
16.771112068851625,78.8088815107901,3067,3,1,25,0.20732754203120443,16773736.839429673,9201,3067,0.038461538461538464,3.2538574102104563
17.05476485536146,79.87055055258689,3999,5,1,25,6.022536636480003,22782728.048959296,19995,3999,0.038461538461538464,0.16333099487583055
17.12194357429539,78.60430810131894,992,2,2,24,7.249145968446114,5040377.396735503,1984,1984,0.04,0.1360702324179632
16.317022793564835,78.86990064290752,3806,5,3,25,6.263720428084542,21452547.81602506,19030,11418,0.038461538461538464,0.15714078129308967
17.162598583621726,78.97773838929956,1119,1,1,25,1.000461695690269,5361340.245534687,1119,1119,0.038461538461538464,0.9087095024899944
16.531446756930677,78.99092898145001,3732,3,3,27,2.333704008229242,20286343.446425334,11196,11196,0.03571428571428571,0.4108963113914571
17.549391412710293,79.30329124849014,4323,2,2,17,2.6533346203375836,23509496.895702716,8646,8646,0.05555555555555555,0.3631959561375039
16.493261546079047,79.89753650794047,2880,3,2,31,8.350901386789879,15516651.691758644,8640,5760,0.03125,0.11833057258994423
16.83901136084513,78.6332468812985,2046,3,1,2,4.739354475827421,12431612.596814014,6138,2046,0.3333333333333333,0.20663913027966868
16.410954568502238,78.41870247734165,4063,4,1,1,4.970916477024121,23528097.582416072,16252,4063,0.5,0.1972030114341091
17.595936527399733,78.55544688174788,2105,1,4,32,9.361951856234183,10251321.689309416,2105,8420,0.030303030303030304,0.10568643924573885
16.952853513430618,79.79646482037668,4252,3,3,18,6.443441710776213,23930918.635191318,12756,12756,0.05263157894736842,0.1528247739034838
17.07400052251606,79.36245946277937,2390,5,1,16,9.006943475216106,14440041.064220833,11950,2390,0.058823529411764705,0.10980632554944789
16.387199420604958,78.71463222063049,1775,5,4,32,4.673786782347023,10272485.881406838,8875,7100,0.030303030303030304,0.20947730713443216
17.274948611518933,79.66870449014351,3243,4,3,11,1.6644753334792834,18991534.38404199,12972,9729,0.08333333333333333,0.566740708144754
16.57287727102426,79.75046599345418,2993,1,1,2,9.313368821926039,16366875.720417667,2993,2993,0.3333333333333333,0.10623189411964348
17.46747057627293,79.7237258096425,856,1,4,25,4.695310133541875,4585023.446029477,856,3424,0.038461538461538464,0.20853708564233941
16.56668153262661,79.8540677605512,1369,5,4,34,1.9799879344124542,7878705.262291305,6845,5476,0.02857142857142857,0.4807720196138905
16.54789403686277,78.65403383631205,1385,2,3,7,3.1634782549784384,8694863.612926118,2770,4155,0.125,0.30642152999625455
16.347514568202524,79.5590754717433,2501,4,4,35,0.697865378951634,13790779.201580662,10004,10004,0.027777777777777776,1.2533442688213436
16.913687028643,79.02897109509345,1783,4,3,6,4.789345796272575,11289303.795528874,7132,5349,0.14285714285714285,0.20452633985560126
17.0342934732414,79.71559739520211,1119,5,3,35,8.560656084720318,6276580.324064124,5595,3357,0.027777777777777776,0.11546469346176486
16.38542123125686,79.51128321889091,1382,5,3,15,9.349088468865556,9183806.274071151,6910,4146,0.0625,0.10583031403451963
17.308185901703514,79.5976054036995,1296,2,2,23,9.33950163353571,6867356.275021022,2592,2592,0.041666666666666664,0.10593779617001187
16.889275485172437,79.38109130782593,4142,2,4,0,1.4272542511617181,24561420.839458436,8284,16568,1.0,0.6547698258095154
16.981707350125856,78.51937178504548,3925,1,3,24,3.9441280486083587,21221483.849017944,3925,11775,0.04,0.24727209128408137
16.872991571019696,79.18104845401449,1796,4,1,9,0.47664184457692244,10764861.863731293,7184,1796,0.1,1.7341786923800024
16.820991979137926,79.97240553114412,744,4,2,15,8.580620380720433,4716027.259621422,2976,1488,0.0625,0.11519913970906845
17.027532430700685,79.88729851969481,3395,5,2,15,3.7158064678084837,19498182.07789163,16975,6790,0.0625,0.26206779836355953
16.501812319709927,78.27771272443462,1429,1,4,7,6.384946873343901,8609376.963277565,1429,5716,0.125,0.1542032678957568
16.536506569643855,78.49666666831298,1019,4,3,28,7.206004693157428,5617242.3804300185,4076,3057,0.034482758620689655,0.1368737144306201
17.420321307317575,78.43711179221822,3712,1,4,38,4.412477763482923,19539426.96836828,3712,14848,0.02564102564102564,0.22160774022920776
17.529950100773725,79.50676383797354,2909,1,2,27,3.2031348981923817,15525982.217484364,2909,5818,0.03571428571428571,0.30274270679869697
16.78530211116368,79.6720135937425,507,5,3,5,9.629686519136257,4872822.509954675,2535,1521,0.16666666666666666,0.10277823422503997
16.65196807508662,78.5843204593592,3025,1,1,15,9.651984605233771,16195058.410028653,3025,3025,0.0625,0.10254322996606376
17.137199406210723,79.11053484731329,3923,2,3,19,3.036476406694215,22008950.206652455,7846,11769,0.05,0.31882911596774305
16.831354422427527,79.71326545042017,2519,2,2,15,4.9003259480956896,14204558.176411852,5038,5038,0.0625,0.1999869629260543
16.33300226235845,79.51904278057926,4782,3,1,6,9.73387275486822,26742940.053882,14346,4782,0.14285714285714285,0.10168933694052061
16.50299837657605,79.17602696988533,4167,5,3,13,0.24771039502393163,24994648.276451655,20835,12501,0.07142857142857142,2.8759565843039394
17.230763897501618,79.2626258428258,4171,3,1,25,4.244246834115663,22511521.168283425,12513,4171,0.038461538461538464,0.2301894984757617
17.1566011244832,79.1150489844493,3301,2,1,25,1.1844839868734907,17703186.28817303,6602,3301,0.038461538461538464,0.778522745491019
16.33522479025453,78.73558721237387,585,3,2,13,5.189748062513506,4173992.2244566907,1755,1170,0.07142857142857142,0.18904492013270563
16.588563810512834,79.21703958714623,3615,5,1,6,0.4417655544967741,21700293.333977226,18075,3615,0.14285714285714285,1.8458168698614714
16.600397235564493,79.43999354369016,4732,5,4,32,4.187604627628153,26625606.003719993,23660,18928,0.030303030303030304,0.23323046009332885
17.173460566678347,79.77198124854945,2968,1,2,25,2.3628509328962846,16012053.751029782,2968,5936,0.038461538461538464,0.406033506390097
16.325623699080673,79.34532443716265,4119,4,4,19,5.4264219520956605,23501647.750264544,16476,16476,0.05,0.1809489048553002
16.43534115657995,79.57001876667769,2136,1,1,2,9.960737761186856,11752377.88888061,2136,2136,0.3333333333333333,0.09939628919241714
17.339890910985147,78.48812894291824,4083,5,4,3,8.045253830242128,24041531.932308413,20415,16332,0.25,0.12277088238639627
16.532108060670634,79.03080345395563,4509,2,3,25,8.487292497919329,24754482.0971958,9018,13527,0.038461538461538464,0.11645113989564192
17.148569940207437,78.21679691568878,3826,2,1,10,6.425596876118993,21431126.357477564,7652,3826,0.09090909090909091,0.15324268706508515
16.609637615360747,78.64402195613893,2718,1,3,1,0.607286513068134,15613451.048506597,2718,8154,0.5,1.413854189954939
16.429273810587148,79.5076310872034,2717,5,4,13,2.2266172252326126,16618264.579564754,13585,10868,0.07142857142857142,0.4298085603230334
16.616123848299292,79.98525791242885,2869,2,3,29,9.26563265318114,16093155.712032052,5738,8607,0.03333333333333333,0.10677335285623647
17.238947011412357,78.37852057925699,4138,5,1,11,3.7879085557017627,24158306.976142664,20690,4138,0.08333333333333333,0.25720769551883177
17.412405408538174,78.92268976855033,3003,2,3,25,1.2156399195117968,16165663.819238545,6006,9009,0.038461538461538464,0.7600863923094372
17.37928582393709,79.64012774365848,1443,5,4,32,7.083572585488779,8759879.369291797,7215,5772,0.030303030303030304,0.13920650040065807
16.816338588503992,78.56726414233202,3337,3,4,12,3.134685694555696,19106074.323260903,10011,13348,0.07692307692307693,0.30914904705675156
17.168510677541843,79.19915290874411,3160,5,4,13,2.834797746460883,18090564.56278207,15800,12640,0.07142857142857142,0.34073898319089113
16.566479584040568,79.51952833285341,3436,5,1,23,9.980179064470951,19192371.880408388,17180,3436,0.041666666666666664,0.09920458690308832
16.68109204933932,79.30877381046832,4944,1,4,33,8.609761465261213,26895716.401246365,4944,19776,0.029411764705882353,0.11481370689524494
17.465236564077458,78.53844452230776,4447,3,1,25,4.1977906200048425,24622789.62263096,13341,4447,0.038461538461538464,0.2326776914969565
16.31690250056396,78.83969222363433,2176,4,3,20,9.806559836601691,12636006.554812754,8704,6528,0.047619047619047616,0.10094321505083002
16.41116109011081,79.61082521207372,1696,1,4,27,6.5711095895082945,8751203.436287323,1696,6784,0.03571428571428571,0.14990010081272054
16.570252131689838,79.19760772543763,4605,4,3,35,7.471820028421651,25336639.404463254,18420,13815,0.027777777777777776,0.13206864350267059
16.334491865035968,78.20941330437725,3287,2,2,39,0.5088278222056737,17035031.253351584,6574,6574,0.025,1.6425004960797946
16.535866065616737,79.56978336805057,1961,4,3,1,1.3917315416109597,12346610.003868934,7844,5883,0.5,0.6703619063521804
17.0579540292606,78.26356043889243,3818,5,2,8,6.404234239663137,22657494.80470009,19090,7636,0.1111111111111111,0.15374600039801017
16.84785191577025,79.54232080891622,1166,4,3,22,9.010435029964942,6729928.390337699,4664,3498,0.043478260869565216,0.10976424250992635
17.46047322440007,78.56446500829743,2676,1,1,14,6.312688515658438,14698353.754051361,2676,2676,0.06666666666666667,0.15594083473073894
17.362676630259976,79.92453226421489,4243,1,3,12,1.5134439643261195,23421008.112302706,4243,12729,0.07692307692307693,0.61979220977635
16.74436255720724,78.86229335234376,1100,4,1,22,1.3344484532139815,6934186.375116517,4400,1100,0.043478260869565216,0.6971320564077645
16.63725046346068,78.78847690940854,3152,1,1,16,8.473021779076,16331984.123437565,3152,3152,0.058823529411764705,0.11664498537034862
16.79360013061745,78.4679984905984,4922,1,4,1,1.5651629193375602,27794840.12750519,4922,19688,0.5,0.600541837910865
17.067383425269252,78.75008758788239,4324,4,1,19,5.29827321293945,24052932.849419415,17296,4324,0.05,0.18524442179084954
16.64848273306974,79.77797137129076,4406,3,2,19,0.5637105356305623,23973694.065652817,13218,8812,0.05,1.5066809193407542
17.111393580203874,79.99340180772904,1479,3,4,2,0.9905637204335382,8938440.064162612,4437,5916,0.3333333333333333,0.9169569657080322
16.832235147848614,78.86295715491232,2951,2,4,11,6.789013022900076,16318152.389354315,5902,11804,0.08333333333333333,0.145158674642631
17.017661335107576,79.00749913571818,1128,1,3,39,6.953977822189664,4892523.791351956,1128,3384,0.025,0.14176398412457505
16.86696448787591,79.49972768876492,2129,4,1,1,3.5464001847627356,12890826.992415698,8516,2129,0.5,0.2742430751782852
16.682805487404494,79.79515240483714,4196,1,1,35,2.312975699381839,21870075.451885313,4196,4196,0.027777777777777776,0.4144260550390881
17.532989299050804,79.26747980153621,3930,5,2,13,8.174360653421619,22601540.53913156,19650,7860,0.07142857142857142,0.12085525902070504
17.29268753240769,78.90474625672009,4174,1,3,15,2.327611648804926,23138664.64813313,4174,12522,0.0625,0.4119275010450225
16.48214712849639,78.94271931352752,4429,1,3,18,5.511865282730522,24086638.44360022,4429,13287,0.05263157894736842,0.17819387131001083
17.429008368667287,79.45211266369425,3265,3,4,33,9.688446640456474,17979733.561230093,9795,13060,0.029411764705882353,0.10216125568554625
16.93366055772437,78.2057928744877,4869,4,4,5,1.648953891051361,28666569.153675772,19476,19476,0.16666666666666666,0.5717703623386337
17.46291789496232,79.31526080742772,615,1,4,12,9.420587421448147,3548977.52850654,615,2460,0.07692307692307693,0.10503553570099912
17.33981183273151,78.83988741879445,2503,3,2,35,1.992351920072953,13426594.632399892,7509,5006,0.027777777777777776,0.47793107383443106
16.852777555810004,79.62955519629875,1192,2,2,21,5.76094343862765,6304782.633249708,2384,2384,0.045454545454545456,0.17062099480594062
16.32921010081615,78.36738315168164,3662,3,4,17,3.894675577195698,20436935.335952174,10986,14648,0.05555555555555555,0.250333219976279
16.64928056720043,79.2587640805071,1605,3,3,11,9.656300294717894,9807441.485046837,4815,4815,0.08333333333333333,0.10249787007288046
17.00412447905913,79.06575120179502,3508,3,2,29,2.8807118842189823,18799937.388914995,10524,7016,0.03333333333333333,0.33549032541332785
17.123521685773994,79.35618594662941,2661,1,3,39,4.116648420440386,13750730.97603152,2661,7983,0.025,0.23715517640798714
16.635253991063163,78.31673647006934,653,1,3,6,9.83202915498312,4042907.302760529,653,1959,0.14285714285714285,0.10068436010362271
16.481162896294673,79.24397081737064,4199,2,1,31,5.457409833647038,22182708.06145369,8398,4199,0.03125,0.17993994143558642
17.38540930783909,79.21067225832715,4910,5,4,18,5.125775133088284,27713757.60303747,24550,19640,0.05263157894736842,0.19135917151663365
17.57972283491462,79.20918816994912,4286,5,1,5,2.726229184399115,25416767.937614355,21430,4286,0.16666666666666666,0.35382834680217556
16.983397236993493,79.28627779987362,1564,5,4,19,7.0733628910423265,9666231.769317716,7820,6256,0.05,0.13940463004440234
16.523183071602794,79.41764228700745,4700,2,4,26,0.3408549274222209,26131847.702961117,9400,18800,0.037037037037037035,2.2683198889195313
16.653999524475182,79.64898019942538,2413,5,3,36,0.6852237710824767,13520177.168711703,12065,7239,0.02702702702702703,1.2735223216961986
16.323907879511708,78.68567729623079,1716,5,4,6,6.073714153930867,11204726.545483012,8580,6864,0.14285714285714285,0.16197704899623347
17.48858844852865,79.68508893832411,2901,3,3,4,3.5484108234208507,17224632.080933575,8703,8703,0.2,0.2740919398606466
16.453076407757184,79.09686022807422,2272,1,3,10,9.542500447569413,12665409.173843319,2272,6816,0.09090909090909091,0.1037075399101558
17.04947141816853,78.3387049024418,2460,1,4,14,9.0512687690833,13623620.44372018,2460,9840,0.06666666666666667,0.10927446512973216
16.65627178689337,78.30539167263916,3280,3,3,2,7.194321335031732,19243547.59904056,9840,9840,0.3333333333333333,0.1370929458779663
17.020431403270532,78.80162897365291,3371,3,3,4,8.217826695052453,19763173.729505204,10113,10113,0.2,0.12022371187353692
17.146846504857425,79.61281455880064,1160,3,3,22,6.739852126743395,6760849.449858904,3480,3480,0.043478260869565216,0.14620199113516832
17.378664344819363,79.47382568253364,3135,1,2,36,1.4307046065595748,16119739.548659189,3135,6270,0.02702702702702703,0.6532939116500138
16.568347653288786,79.61950693641033,2829,5,3,8,7.702325022954187,17253222.971370477,14145,8487,0.1111111111111111,0.1281669242255395
16.314294577256025,79.1310843015949,4454,3,2,14,2.259881293444695,24913282.02633096,13362,8908,0.06666666666666667,0.4237501279313546
16.47795131908945,78.99235819631988,2950,2,2,2,3.3697399799819285,17708222.41479939,5900,5900,0.3333333333333333,0.2882060343914325
17.470024234402537,78.46541454807131,1632,3,3,28,8.228495278603718,9315964.20043724,4896,4896,0.034482758620689655,0.12006970845850694
17.43605710083127,78.79074695649676,1199,4,3,5,5.457950962255793,8236784.124393089,4796,3597,0.16666666666666666,0.17992242227234986
17.076637032821402,78.98123485911297,2538,3,2,16,8.62741899899741,13660840.37687395,7614,5076,0.058823529411764705,0.11458141291427376
17.080671918563752,78.35948077342331,2679,1,2,25,2.287746134463989,14309112.088294895,2679,5358,0.038461538461538464,0.41880499168915375
17.164547676910132,78.59710151488018,3338,3,3,20,6.156228698347495,18604103.157682694,10014,10014,0.047619047619047616,0.1598407040753062
16.527982662210484,79.27680552931473,1373,4,3,7,1.021151530972964,8682366.99230287,5492,4119,0.125,0.8919400922836669
17.48873552970245,79.52419360563054,583,2,4,20,6.501997736692291,3335321.2414912465,1166,2332,0.047619047619047616,0.1514693036688341
16.844401682359695,79.99702552050731,1922,5,2,10,7.6728335702002415,11518828.740566168,9610,3844,0.09090909090909091,0.12865321133773333
16.798080086724347,79.87960399641841,3175,3,2,37,5.932322760991473,16916232.859103065,9525,6350,0.02631578947368421,0.1657736231334611
16.97459301686769,79.35661735916335,3680,4,4,7,2.809068714688341,22304571.500901762,14720,14720,0.125,0.3437526226007809
16.361055756807573,78.95824649592933,4816,4,2,23,0.5071581548168939,27173129.683641613,19264,9632,0.041666666666666664,1.6470173250025424
16.516168379382904,79.34511925647482,4475,2,1,34,1.3705990628500007,24506992.595665626,8950,4475,0.02857142857142857,0.6799949933750221
17.259443701354282,79.61417291254442,1891,1,2,13,6.298569194925458,9826952.041254243,1891,3782,0.07142857142857142,0.15628493957572182
16.407638268302666,78.4130051436621,3718,3,4,13,9.357318125056635,21113256.635532852,11154,14872,0.07142857142857142,0.105738221637121
17.084097742306305,78.93782880145332,4707,4,1,9,2.224037158925663,26499991.513324164,18828,4707,0.1,0.43028571903827556
16.618953842585718,79.71164411414411,1114,2,3,11,7.403256261229969,6960729.087777209,2228,3342,0.08333333333333333,0.13327546936749238
16.80608429825457,78.89089931347948,3471,5,4,37,8.691220419840606,19257054.382410422,17355,13884,0.02631578947368421,0.11374984953660519
16.675301857801912,79.22937008820894,4065,4,4,33,5.304645348785609,22631738.725223534,16260,16260,0.029411764705882353,0.18502601659601844
16.762374531404436,79.25798484955196,4076,2,3,9,6.758804799267847,23189135.539610222,8152,12228,0.1,0.14579799677441563
17.23475967673952,78.53205725564055,770,1,4,16,8.187150103426251,3893884.5922533213,770,3080,0.058823529411764705,0.12066874468540863
16.686258230310127,78.85202379497412,4566,1,2,16,2.7546165458578176,24757729.897392057,4566,9132,0.058823529411764705,0.3503097470134988
17.03632603238597,78.80212031973548,2968,4,3,2,3.1095776078268216,18245440.3459137,11872,8904,0.3333333333333333,0.31156747777695637
16.91886552285883,78.24715407535771,1890,4,4,30,0.2061496629588705,10725419.88827365,7560,7560,0.03225806451612903,3.266376289084285
17.162772514971444,78.24354517500444,3854,3,3,0,9.638322482798465,21941949.047209434,11562,11562,1.0,0.10268709028340103
17.517878661122186,79.6970546786164,4635,2,3,11,9.19193996704418,25642022.634518623,9270,13905,0.08333333333333333,0.10762015290097768
17.252343726373326,78.69152745795107,4107,4,3,38,7.6927689848424174,22210300.359297357,16428,12321,0.02564102564102564,0.12832409146801133
16.579422492167986,79.13254177922987,3083,3,1,3,0.9749450055711517,17932154.530827552,9249,3083,0.25,0.9302801490469448
16.34053807557967,78.7377060324598,4573,3,4,12,4.5855283190551805,26115617.799038466,13719,18292,0.07692307692307693,0.21342310448390298
16.64094325758977,79.89322264120761,3575,4,1,33,1.1985391889212176,19198271.16769408,14300,3575,0.029411764705882353,0.7700961268876036
17.073601309910334,78.66673416595839,4406,1,4,20,0.3560186191754263,24605893.566175155,4406,17624,0.047619047619047616,2.1928929169782623
16.366853557529527,78.97338226293009,789,2,2,21,6.238593059083454,4094816.8925543413,1578,1578,0.045454545454545456,0.15776371675524437
16.94527612136161,79.77091445087228,2980,2,2,3,9.616128287385846,17062417.20141473,5960,5960,0.25,0.10292165463667967
17.075895703591957,79.71548042022526,3752,1,2,17,9.048106629635072,20091510.541042592,3752,7504,0.05555555555555555,0.10931223700000654
16.73451705806205,78.5349825521233,778,4,4,4,7.028197186366963,6355977.14961289,3112,3112,0.2,0.14028792608495042
17.30218586486957,79.64475795763228,3424,2,3,18,1.14707772481574,18985833.72531755,6848,10272,0.05263157894736842,0.8018746386860156
16.438577729073906,79.0247363961282,1080,4,3,1,2.8868075691885418,7640237.6707482645,4320,3240,0.5,0.3348056333845708
16.39767911625655,79.06934396975365,753,4,1,11,3.336555923475852,5218585.934551168,3012,753,0.08333333333333333,0.29098900825934043
17.246645383064685,78.44026395034871,4776,3,1,16,7.678870565906501,26460040.914170325,14328,4776,0.058823529411764705,0.1285533666523305
16.94413871106806,78.34508272476283,1324,1,2,9,8.062041956504117,7406975.860018641,1324,2648,0.1,0.12251836064174189
17.194923115356058,79.51029075255278,4332,4,1,33,3.9740400053012204,22884552.347048484,17328,4332,0.029411764705882353,0.24545659804488434
16.86527554018487,79.09363007423954,1199,5,4,5,4.295263166852576,8741308.92133685,5995,4796,0.16666666666666666,0.22751766209168647
16.62032264321084,78.98633126470733,1880,1,4,7,0.6361885849064791,11090771.367441386,1880,7520,0.125,1.3583476034568425
17.36483301297646,79.51311481157431,4396,2,1,10,3.033539840503858,24564631.034939166,8792,4396,0.09090909090909091,0.3191279035530644
17.339240642659675,79.577923218184,2173,3,1,11,4.622594736340872,12440899.046102129,6519,2173,0.08333333333333333,0.2117480020686283
17.203105412110755,78.48603470180484,3227,2,1,8,1.3464338545755243,17947091.886498753,6454,3227,0.1111111111111111,0.6913554994835651
16.653788678398953,79.29840526905976,3656,2,1,1,4.64202111539921,21010241.6220799,7312,3656,0.5,0.21088054558690308
17.067299866929815,78.44363734809984,3888,1,2,7,8.561122960126443,21579409.909380816,3888,7776,0.125,0.11545846936981957
16.769266066022034,79.55247515485229,4807,2,2,10,5.896945993305524,26404260.402854487,9614,9614,0.09090909090909091,0.1667515433883037
16.419056695324624,79.38251928128085,883,4,1,35,0.9735125793764408,4874717.332419438,3532,883,0.027777777777777776,0.9315214550917128
17.49250764810092,79.92190631795023,841,2,4,9,2.078378924536689,5094396.657570341,1682,3364,0.1,0.4590569568665315
16.47786422019465,78.32412442944155,2487,3,2,20,4.850534631553852,14127515.404486315,7461,4974,0.047619047619047616,0.20199838490699026
17.535308559967046,78.30269849807226,4559,3,4,19,3.742574068253759,26177015.179872718,13677,18236,0.05,0.26024221842897244
16.879807504845342,78.70793673444776,3609,5,3,7,3.7155247915517684,21174723.249422226,18045,10827,0.125,0.2620871451848964
